dose_id,dose_index,start_time,scan_time,dt_before,volume,I_415,A_415,I_445,A_445,I_480,A_480,I_515,A_515,I_555,A_555,I_590,A_590,I_630,A_630,I_680,A_680
2,0,2026-09-25 12:36:38.138,2026-09-25 12:36:37,1.138,0.35,0.020390625,-0.009184647876553709,0.16740234375,-0.010260101335717002,0.17388671875,-0.014468970998553526,0.20275390625,-0.012650795573849878,0.23333984375,-0.013754354015839416,0.22798828125,-0.009855386345939023,0.2332421875,-0.009061939627955524,0.1224609375,-0.01244135670768369
3,1,2026-09-25 12:37:11.325,2026-09-25 12:37:07,4.325,0.5,0.01958984375,0.008214917769271534,0.1592578125,0.011400686650550457,0.1591796875,0.023909793637612402,0.1849609375,0.02723841646551551,0.22103515625,0.009773193789501256,0.2251171875,-0.0043515160678714165,0.23103515625,-0.004932904575080187,0.12072265625,-0.006232559468792713
4,2,2026-09-25 12:37:45.767,2026-09-25 12:37:42,3.767,0.35,0.0187890625,0.0263407787518767,0.15041015625,0.036224270375582616,0.146171875,0.060933623549616706,0.17064453125,0.06222605975702783,0.20982421875,0.03237893394554325,0.22287109375,3.3938081815440615e-06,0.229765625,-0.0025398886172262563,0.1196875,-0.0024925725015147396
5,3,2026-09-25 12:38:18.935,2026-09-25 12:38:17,1.935,0.35,0.01875,0.027244617750121183,0.14921875,0.039678035190998474,0.1445703125,0.06571832161849607,0.16916015625,0.06602035686840602,0.20669921875,0.03889571355055076,0.22013671875,0.005364649394418888,0.22732421875,0.0020994590292135787,0.11783203125,0.004292858806628384
6,4,2026-09-25 12:38:52.105,2026-09-25 12:38:52,0.105,0.5,0.0184375,0.03454385649162067,0.14650390625,0.04765222830412021,0.14125,0.07580898491028217,0.1659375,0.07437389173139514,0.2041015625,0.044388219230035816,0.21994140625,0.005750140704926219,0.2272265625,0.0022860677554564558,0.11798828125,0.0037173483935663662
7,5,2026-09-25 12:39:26.542,2026-09-25 12:39:22,4.542,0.5,0.01822265625,0.03963420704318965,0.14412109375,0.05477388342173718,0.1383984375,0.0846662543804306,0.16318359375,0.08164194123937885,0.2004296875,0.052272499357742634,0.21892578125,0.0077602300128144525,0.226640625,0.003407407087178963,0.11720703125,0.0066025573569363
8,6,2026-09-25 12:40:00.976,2026-09-25 12:39:57,3.976,0.2,0.018046875,0.04384387956958291,0.14216796875,0.06069967438669418,0.13623046875,0.09152319043195387,0.161015625,0.0874504123616137,0.19826171875,0.05699568190181864,0.21767578125,0.01024702636120936,0.2258203125,0.0049821621787089,0.11642578125,0.009507062293555161
9,7,2026-09-25 12:40:32.877,2026-09-25 12:40:32,0.877,0.2,0.01822265625,0.03963420704318965,0.144140625,0.0547150319436469,0.13814453125,0.08546374429514189,0.16298828125,0.08216205445352345,0.2001953125,0.052780644285335514,0.21818359375,0.009235047365093674,0.2255078125,0.005583574055193326,0.11625,0.010163261585210453
10,8,2026-09-25 12:41:04.771,2026-09-25 12:41:02,2.771,0.5,0.0182421875,0.03916897455959627,0.14435546875,0.054068191488151736,0.13865234375,0.0838702262034284,0.16361328125,0.08049988002638976,0.20083984375,0.05138467387259534,0.217578125,0.010441908339755775,0.22513671875,0.00629883405790823,0.1158984375,0.011478642142209687
11,9,2026-09-25 12:41:39.204,2026-09-25 12:41:37,2.204,0.35,0.018125,0.041967874570827575,0.14302734375,0.05808235962983735,0.1371875,0.0884828994795429,0.16203125,0.08471965208780444,0.19880859375,0.05579939531232844,0.2169140625,0.011769430040918167,0.224453125,0.007619509897895647,0.115859375,0.011625041766688353
12,10,2026-09-25 12:42:12.370,2026-09-25 12:42:12,0.37,0.5,0.01810546875,0.04243611664519253,0.14271484375,0.05903228642147133,0.136875,0.08947330921756473,0.16185546875,0.08519105662508875,0.19814453125,0.05725245830774385,0.2165625,0.012473881909734376,0.224296875,0.007921943393337086,0.1155859375,0.012651223298418552
13,11,2026-09-25 12:42:46.805,2026-09-25 12:42:42,4.805,0.5,0.0179296875,0.04667316958844719,0.14099609375,0.06429435195334789,0.13498046875,0.0955265094086202,0.1601953125,0.0896686305173231,0.19603515625,0.061900585527310786,0.2159375,0.013729069147342692,0.22412109375,0.008262433008506657,0.11513671875,0.01434237469192482
14,12,2026-09-25 12:43:21.244,2026-09-25 12:43:17,4.244,0.2,0.0178515625,0.048569655055858175,0.140625,0.06543889733542,0.13451171875,0.09703731939226888,0.1595703125,0.09136633893637348,0.19525390625,0.06363481756884083,0.21513671875,0.015342597690679454,0.2231640625,0.010120907493275245,0.11462890625,0.016262074609459307
15,13,2026-09-25 12:43:53.155,2026-09-25 12:43:52,1.155,0.2,0.01798828125,0.04525622059284064,0.14181640625,0.06177495700949259,0.1357421875,0.09308259778747516,0.161015625,0.0874504123616137,0.1965625,0.06073388157591494,0.21533203125,0.014948501037589778,0.223125,0.010196932785706339,0.1146875,0.01604013721501863
16,14,2026-09-25 12:44:25.049,2026-09-25 12:44:22,3.049,0.35,0.01810546875,0.04243611664519253,0.14337890625,0.05701616969523682,0.13748046875,0.08755643717434086,0.16234375,0.08388286091966791,0.198828125,0.055756731676368694,0.2161328125,0.013336433299332295,0.22375,0.008982122254025173,0.11515625,0.014268709272037676
17,15,2026-09-25 12:44:58.218,2026-09-25 12:44:57,1.218,0.35,0.01802734375,0.044314149763777524,0.1429296875,0.05837898861609968,0.1371484375,0.08860657724825664,0.16205078125,0.0846673053774532,0.19826171875,0.05699568190181864,0.215390625,0.014830341743729825,0.22294921875,0.010539211391551421,0.11486328125,0.015375004720995138
18,16,2026-09-25 12:45:31.381,2026-09-25 12:45:27,4.381,0.2,0.0180859375,0.04290486410775529,0.14298828125,0.05820098691325819,0.136953125,0.08922549495583165,0.161953125,0.08492910204696569,0.19783203125,0.0579379385438143,0.21505859375,0.015500336539922235,0.22203125,0.012331062298392148,0.1142578125,0.017670318040852322
19,17,2026-09-25 12:46:03.282,2026-09-25 12:46:02,1.282,0.2,0.01814453125,0.04150013679604785,0.1437109375,0.05601161027158021,0.13798828125,0.08595523619301156,0.16294921875,0.08226615188496698,0.19916015625,0.05503209037438652,0.21556640625,0.014476056626676458,0.22279296875,0.01084368567053951,0.11478515625,0.015670493408633947
20,18,2026-09-25 12:46:35.188,2026-09-25 12:46:32,3.188,0.5,0.01814453125,0.04150013679604785,0.14392578125,0.05536283724389718,0.13814453125,0.08546374429514189,0.16306640625,0.08195393441508357,0.19939453125,0.054521305861636796,0.21509765625,0.015421459953816734,0.22240234375,0.011605806567887523,0.11458984375,0.016410095906701103
21,19,2026-09-25 12:47:09.632,2026-09-25 12:47:07,2.632,0.5,0.018046875,0.04384387956958291,0.14275390625,0.05891343188271543,0.13705078125,0.0889159258487735,0.16185546875,0.08519105662508875,0.1978515625,0.057895064316828206,0.2144140625,0.01680387273186973,0.22203125,0.012331062298392148,0.1143359375,0.01737346602525964
22,20,2026-09-25 12:47:44.074,2026-09-25 12:47:42,2.074,0.5,0.017890625,0.047620377121839225,0.14123046875,0.06357303223281101,0.1355859375,0.09358279304219583,0.1603515625,0.08924523834934824,0.195625,0.06281019381075419,0.21271484375,0.020259341134908113,0.22041015625,0.015513563804024699,0.113203125,0.0216978073238958
23,21,2026-09-25 12:48:18.512,2026-09-25 12:48:17,1.512,0.2,0.01779296875,0.04999747381669141,0.1405078125,0.06580096028419614,0.13509765625,0.09514962669890803,0.15978515625,0.09078200280749663,0.1943359375,0.0656814289313832,0.2117578125,0.02221769623289044,0.21947265625,0.017364746353891316,0.11263671875,0.023876232712135414
24,22,2026-09-25 12:48:50.407,2026-09-25 12:48:47,3.407,0.5,0.0178515625,0.048569655055858175,0.14115234375,0.06381333904868265,0.135625,0.09345769020915358,0.1606640625,0.08839969029563265,0.1953125,0.06350450967710866,0.21216796875,0.021377319640791845,0.2197265625,0.016862604770424203,0.112734375,0.023499861701576193
25,23,2026-09-25 12:49:24.844,2026-09-25 12:49:22,2.844,0.35,0.017734375,0.051430002268604495,0.14021484375,0.06670744043358857,0.13462890625,0.09665912388340224,0.15958984375,0.09131318496997666,0.19365234375,0.06721179113578714,0.210703125,0.024386161396612333,0.21857421875,0.01914623147787492,0.11193359375,0.026595775665283247
26,24,2026-09-25 12:49:58.012,2026-09-25 12:49:57,1.012,0.35,0.01775390625,0.050951967567722134,0.14041015625,0.06610291015515339,0.13490234375,0.09577794637144212,0.15986328125,0.09056971172082877,0.19359375,0.0673432163091016,0.2103515625,0.025111395879484327,0.2179296875,0.02042877014345515,0.11138671875,0.028722812537927182
27,25,2026-09-25 12:50:31.180,2026-09-25 12:50:27,4.18,0.5,0.017734375,0.051430002268604495,0.1401953125,0.06676793976946735,0.13462890625,0.09665912388340224,0.159765625,0.090835091797466,0.19341796875,0.06773773062713466,0.2100390625,0.02575706703636548,0.21759765625,0.02109095298777059,0.1112890625,0.029103739219574702
28,26,2026-09-25 12:51:05.617,2026-09-25 12:51:02,3.617,0.5,0.0176953125,0.05238765311287652,0.13984375,0.0678583714588329,0.13435546875,0.0975420929279877,0.15943359375,0.09173859896936887,0.193046875,0.06857177294706683,0.209609375,0.026646435177564556,0.21751953125,0.02124690755696713,0.1111328125,0.029713917727961614
29,27,2026-09-25 12:51:40.061,2026-09-25 12:51:37,3.061,0.5,0.01759765625,0.054791059810626666,0.13919921875,0.06986463496973476,0.13365234375,0.09982086238127795,0.15880859375,0.09344443440427608,0.19228515625,0.07028878920297162,0.20927734375,0.027334923799618424,0.2169140625,0.02245745808125773,0.110703125,0.031396342547609965
30,28,2026-09-25 12:52:14.498,2026-09-25 12:52:12,2.498,0.5,0.0175390625,0.05623951412238522,0.13880859375,0.07108507832426092,0.13345703125,0.10045598165490187,0.158515625,0.0942463571074806,0.19158203125,0.07187977514310326,0.2082421875,0.029488420988520708,0.216015625,0.024260000249126067,0.11001953125,0.03408643288768197
31,29,2026-09-25 12:52:48.932,2026-09-25 12:52:47,1.932,0.2,0.01755859375,0.0557561590564608,0.13875,0.07126844099614381,0.13318359375,0.10134671193295579,0.1584765625,0.09435339210048158,0.191484375,0.07210120709706827,0.20830078125,0.029366239392018316,0.21611328125,0.024063708954528702,0.11013671875,0.033624089534679616
32,30,2026-09-25 12:53:20.827,2026-09-25 12:53:17,3.827,0.5,0.0176171875,0.05430931324774789,0.13943359375,0.06913401180809417,0.13390625,0.09899659346244724,0.1590625,0.09275063047610543,0.1920703125,0.0707743057229659,0.20814453125,0.02969213339992194,0.2156640625,0.024967384413686008,0.10970703125,0.03532176024689048
33,31,2026-09-25 12:53:55.262,2026-09-25 12:53:52,3.262,0.2,0.017578125,0.05527334135036473,0.13900390625,0.07047442793976301,0.1333984375,0.10064669869605647,0.1587109375,0.09371157747839613,0.191640625,0.07174697014276053,0.2081640625,0.029651383272572912,0.2158203125,0.024652849196676,0.10978515625,0.035012598830094985
34,32,2026-09-25 12:54:27.152,2026-09-25 12:54:27,0.152,0.5,0.0176171875,0.05430931324774789,0.1398828125,0.06773707709080427,0.1341796875,0.09811066531803857,0.15935546875,0.0919514623393468,0.1927734375,0.0691873570074719,0.2085546875,0.028837182655575853,0.21556640625,0.025164084667016046,0.109765625,0.03508986855397164
35,33,2026-09-25 12:55:01.600,2026-09-25 12:54:57,4.6,0.2,0.017578125,0.05527334135036473,0.13912109375,0.07010844942211915,0.13357421875,0.10007479864455912,0.15892578125,0.09312407947317529,0.1919921875,0.07095099184497305,0.208515625,0.028918534061995817,0.21611328125,0.024063708954528702,0.10990234375,0.034549268969040065
36,34,2026-09-25 12:55:33.487,2026-09-25 12:55:32,1.487,0.2,0.01759765625,0.054791059810626666,0.1397265625,0.06822245795373764,0.13419921875,0.09804745383668068,0.159609375,0.09126003750837895,0.19259765625,0.06958355087582185,0.207890625,0.030222233298114683,0.21498046875,0.026346160742195195,0.1092578125,0.037103722087524355
37,35,2026-09-25 12:56:05.381,2026-09-25 12:56:02,3.3810000000000002,0.2,0.01765625,0.05334742031432632,0.1405859375,0.06555955144979597,0.13515625,0.09496130792083117,0.16009765625,0.08993346038216898,0.1933203125,0.06795706020197118,0.2087109375,0.02851192933057875,0.21552734375,0.02524278972013165,0.10958984375,0.035785915419575584
38,36,2026-09-25 12:56:37.281,2026-09-25 12:56:37,0.281,0.2,0.0176953125,0.05238765311287652,0.1411328125,0.06387343653468495,0.13568359375,0.09327010350323373,0.161015625,0.0874504123616137,0.19439453125,0.06555050560770564,0.2086328125,0.02867452554434742,0.21560546875,0.025085393874645787,0.10962890625,0.03563114190336037
39,37,2026-09-25 12:57:09.178,2026-09-25 12:57:07,2.178,0.2,0.0176953125,0.05238765311287652,0.14140625,0.06303282756954148,0.136015625,0.09220863993229544,0.16134765625,0.08655577330639554,0.1950390625,0.06411294795801768,0.208359375,0.02924409215962733,0.2151171875,0.02607005507254177,0.10935546875,0.03671571662804894
40,38,2026-09-25 12:57:41.074,2026-09-25 12:57:37,4.074,0.5,0.0177734375,0.05047445846859602,0.14216796875,0.06069967438669418,0.1365625,0.09046598275124237,0.16189453125,0.08508625583261514,0.1952734375,0.06359137726053718,0.2088671875,0.02818691941314413,0.2153125,0.025675922654254935,0.10939453125,0.03656061145429205
41,39,2026-09-25 12:58:15.512,2026-09-25 12:58:12,3.512,0.2,0.01720703125,0.06453994237764168,0.13845703125,0.072186417414657,0.1338671875,0.09912330228374089,0.15900390625,0.09291064072608374,0.18896484375,0.07785353598615963,0.199140625,0.048897272380236036,0.20548828125,0.04595810661664053,0.1042578125,0.05744761467154389
42,40,2026-09-25 12:58:47.407,2026-09-25 12:58:47,0.407,0.35,0.0172265625,0.06404726565786985,0.1390234375,0.07041341009886132,0.134375,0.09747896414207771,0.15953125,0.09147266638993512,0.1896484375,0.07628527976910383,0.19927734375,0.04859921252508133,0.20533203125,0.04628846280402809,0.10419921875,0.05769176036254407
43,41,2026-09-25 12:59:20.568,2026-09-25 12:59:17,3.568,0.35,0.016875,0.07300210831079627,0.1371484375,0.07631056863735602,0.13287109375,0.10236693141702159,0.15814453125,0.09526425619260988,0.18548828125,0.08591807167325753,0.1930078125,0.06248224962406799,0.19908203125,0.05971310300580406,0.1008203125,0.0720081839151827
44,42,2026-09-25 12:59:53.729,2026-09-25 12:59:52,1.729,0.35,0.016875,0.07300210831079627,0.13701171875,0.07674371840230969,0.1330078125,0.1019202904648039,0.1580859375,0.09542519541324108,0.18560546875,0.08564378041241144,0.19330078125,0.06182352891245962,0.199453125,0.0589043210855928,0.10099609375,0.07125164635096301
45,43,2026-09-25 13:00:26.921,2026-09-25 13:00:22,4.921,0.5,0.01669921875,0.07754973606151694,0.13607421875,0.07972558323211913,0.13181640625,0.10582797423620002,0.15693359375,0.09860251436942567,0.18396484375,0.089499712779694,0.1912890625,0.06636699949526662,0.19763671875,0.0628775313089416,0.0998828125,0.07606546043271609
46,44,2026-09-25 13:01:01.366,2026-09-25 13:00:57,4.366,0.2,0.01669921875,0.07754973606151694,0.1356640625,0.08103661479194495,0.13171875,0.1061498407609031,0.15658203125,0.09957651187140071,0.18296875,0.09185762761280189,0.19060546875,0.06792178117594988,0.19712890625,0.06399485396456386,0.09951171875,0.07768199578058754
47,45,2026-09-25 13:01:33.253,2026-09-25 13:01:32,1.2530000000000001,0.5,0.01666015625,0.07856681962216659,0.135703125,0.08091158399162737,0.1318359375,0.10576362954656407,0.15681640625,0.09892693755326443,0.1835546875,0.09046906899017558,0.19125,0.06645569437597991,0.1979296875,0.06223422726315319,0.0998828125,0.07606546043271609
48,46,2026-09-25 13:02:07.689,2026-09-25 13:02:07,0.689,0.2,0.016796875,0.07501739954612192,0.1352734375,0.08228890655324637,0.131484375,0.10692329507380283,0.1559375,0.10136786718947426,0.18359375,0.09037665607740997,0.19423828125,0.05972231171701151,0.2013671875,0.05475646193428896,0.1030859375,0.06235679823900185
49,47,2026-09-25 13:02:39.593,2026-09-25 13:02:37,2.593,0.5,0.01671875,0.07704208611253634,0.134375,0.08518295553117716,0.1305859375,0.10990103012103927,0.155390625,0.102893621016391,0.1820703125,0.09399541108054185,0.19287109375,0.06278999487896807,0.2000390625,0.05763035571942827,0.10162109375,0.06857235822699613
50,48,2026-09-25 13:03:14.030,2026-09-25 13:03:12,2.03,0.35,0.016875,0.07300210831079627,0.13421875,0.08568824294350252,0.1301953125,0.11120209305307778,0.15611328125,0.10087858249891188,0.18283203125,0.09218226443429572,0.1952734375,0.05741396676089445,0.20291015625,0.051441380948682246,0.10357421875,0.06030455700447007
51,49,2026-09-25 13:03:47.224,2026-09-25 13:03:47,0.224,0.35,0.01677734375,0.07552268695844731,0.133984375,0.08644727805993678,0.13017578125,0.11126724862771098,0.15529296875,0.10316664201105134,0.18197265625,0.09422841418817668,0.1937890625,0.060727876477299124,0.20126953125,0.05496713110257385,0.1025390625,0.06466688071707585
52,50,2026-09-25 13:04:20.384,2026-09-25 13:04:17,3.384,0.2,0.0166796875,0.0780579801006846,0.133984375,0.08644727805993678,0.12998046875,0.1119193425668951,0.154765625,0.10464392860227953,0.18111328125,0.09628424989414125,0.1924609375,0.06371454123857559,0.20013671875,0.05741839101128031,0.10208984375,0.06657368402528216
53,51,2026-09-25 13:04:52.293,2026-09-25 13:04:52,0.293,0.5,0.01685546875,0.07350505507447999,0.13638671875,0.0787293517256719,0.13236328125,0.10402991673756358,0.157734375,0.09639208519718727,0.18462890625,0.08793485178344658,0.1960546875,0.05567990783142776,0.20333984375,0.05052268074053026,0.10396484375,0.058669717950277915
54,52,2026-09-25 13:05:26.735,2026-09-25 13:05:22,4.735,0.2,0.01689453125,0.07249974332487538,0.13625,0.07916492184217758,0.13201171875,0.10518495593409571,0.15740234375,0.09730723969663588,0.1839453125,0.08954582357040493,0.19490234375,0.05824007655157749,0.20166015625,0.05412506688936688,0.10263671875,0.06425346375877175
55,53,2026-09-25 13:05:58.636,2026-09-25 13:05:57,1.6360000000000001,0.35,0.01693359375,0.07149675331347932,0.1371484375,0.07631056863735602,0.13302734375,0.10185652209498028,0.1581640625,0.09521062303639437,0.1853515625,0.08623829724981592,0.1956640625,0.05654607182397034,0.202578125,0.05215261912049164,0.10294921875,0.06293316790807532
56,54,2026-09-25 13:06:31.808,2026-09-25 13:06:27,4.808,0.5,0.0169921875,0.06999659817107114,0.13740234375,0.07550729199592396,0.1332421875,0.10115568730621059,0.15849609375,0.09429987130653823,0.1859765625,0.08477633253861684,0.196484375,0.054729118457557346,0.20345703125,0.05027246305630702,0.10326171875,0.061616873717921364
57,55,2026-09-25 13:07:06.251,2026-09-25 13:07:02,4.251,0.35,0.01697265625,0.07049607434102316,0.13677734375,0.07748726741869691,0.1325,0.10358156312893156,0.15787109375,0.09601581667023802,0.185703125,0.08541533662096597,0.19712890625,0.053306825924224276,0.2042578125,0.0485664897241687,0.10357421875,0.06030455700447007
58,56,2026-09-25 13:07:39.417,2026-09-25 13:07:37,2.417,0.35,0.0169921875,0.06999659817107114,0.1372265625,0.07606324831068162,0.1329296875,0.10217545761779841,0.15822265625,0.09504976329682954,0.18625,0.08413826728094745,0.19775390625,0.05193206729075973,0.2046875,0.047653844570097637,0.10388671875,0.05899619380245252
59,57,2026-09-25 13:08:12.599,2026-09-25 13:08:12,0.599,0.5,0.0169921875,0.06999659817107114,0.1372265625,0.07606324831068162,0.1330078125,0.1019202904648039,0.1582421875,0.09499615662121953,0.1859765625,0.08477633253861684,0.19638671875,0.05494502424470517,0.20330078125,0.05060611868159446,0.10296875,0.06285078253707932
60,58,2026-09-25 13:08:47.053,2026-09-25 13:08:47,0.053,0.2,0.01701171875,0.06949769578202639,0.137265625,0.07593964094343107,0.1328515625,0.10243077478088569,0.15810546875,0.09537154237939643,0.1858984375,0.08495880921436993,0.1975,0.05249003823915611,0.20439453125,0.048275894543100197,0.10361328125,0.06014079588567329
61,59,2026-09-25 13:09:18.940,2026-09-25 13:09:17,1.94,0.5,0.01703125,0.06899936585712234,0.13798828125,0.07365922758211098,0.13361328125,0.0999478119530394,0.1590234375,0.09285729742540823,0.18759765625,0.08100714047939621,0.198828125,0.04957932117672596,0.205546875,0.04583428780414016,0.104375,0.05695973465554352
62,60,2026-09-25 13:09:53.382,2026-09-25 13:09:52,1.3820000000000001,0.35,0.01705078125,0.06850160708411987,0.13775390625,0.0743975099220866,0.1332421875,0.10115568730621059,0.15861328125,0.09397888497862014,0.186875,0.082683343032773,0.19841796875,0.05047613885319396,0.205546875,0.04583428780414016,0.10470703125,0.05558037689772609
63,61,2026-09-25 13:10:26.552,2026-09-25 13:10:22,4.552,0.35,0.01703125,0.06899936585712234,0.1377734375,0.07433593843521755,0.1333203125,0.10090111843496893,0.158359375,0.09467465544781789,0.1865234375,0.08350113809336229,0.19787109375,0.05167478382239192,0.20501953125,0.0469499300152366,0.10453125,0.05631007936326606
64,62,2026-09-25 13:10:59.728,2026-09-25 13:10:57,2.7279999999999998,0.2,0.01708984375,0.06750779776737637,0.1378515625,0.07408973974273803,0.13357421875,0.10007479864455912,0.15869140625,0.093765025817877,0.18681640625,0.08281953531379393,0.1976171875,0.05223242410491733,0.2044921875,0.04806844553896313,0.10423828125,0.057528981319445296
65,63,2026-09-25 13:11:31.623,2026-09-25 13:11:27,4.623,0.5,0.0171484375,0.06602133488358704,0.1383203125,0.07261547134459621,0.13419921875,0.09804745383668068,0.159140625,0.09253737514066245,0.187421875,0.08141427038131563,0.1978515625,0.05171765381718549,0.20453125,0.04798549367510613,0.10453125,0.05631007936326606
66,64,2026-09-25 13:12:06.059,2026-09-25 13:12:02,4.059,0.35,0.017109375,0.06701174462160886,0.138046875,0.0734748529319619,0.133828125,0.0992500480841162,0.15888671875,0.09323083819591142,0.18736328125,0.08155006520713506,0.19853515625,0.050219716203408475,0.20544921875,0.046040672107745345,0.10525390625,0.053318000527007345
67,65,2026-09-25 13:12:39.219,2026-09-25 13:12:37,2.219,0.2,0.017109375,0.06701174462160886,0.1379296875,0.07384368053961012,0.13375,0.09950365070849221,0.15869140625,0.093765025817877,0.18693359375,0.08254719344748848,0.198046875,0.05128914418014869,0.2051171875,0.04674311326676735,0.1048046875,0.05517551578711261
68,66,2026-09-25 13:13:11.104,2026-09-25 13:13:07,4.104,0.2,0.0171484375,0.06602133488358704,0.1384375,0.07224768488769413,0.13435546875,0.0975420929279877,0.1592578125,0.09221768835265098,0.18736328125,0.08155006520713506,0.19794921875,0.051503346148438434,0.20490234375,0.047198240188898316,0.10462890625,0.05590453775017337
69,67,2026-09-25 13:13:43.008,2026-09-25 13:13:42,1.008,0.5,0.01716796875,0.06552697571591776,0.1389453125,0.07065753291692688,0.1350390625,0.095338027171201,0.1601171875,0.08988048148830602,0.1883984375,0.0791572520912448,0.19818359375,0.05098943880291494,0.20513671875,0.04670176173311047,0.104765625,0.05533741494347145
70,68,2026-09-25 13:14:17.454,2026-09-25 13:14:17,0.454,0.2,0.0170703125,0.06800441815528654,0.1378515625,0.07408973974273803,0.13384765625,0.09918667056019438,0.15888671875,0.09323083819591142,0.1865234375,0.08350113809336229,0.1971875,0.053177757277406826,0.20390625,0.0493146285515621,0.1039453125,0.05875131390766272
71,69,2026-09-25 13:14:49.348,2026-09-25 13:14:47,2.348,0.35,0.01708984375,0.06750779776737637,0.138203125,0.07298356952900291,0.134296875,0.09773153436257416,0.15931640625,0.09205793316162647,0.18703125,0.08232037227875436,0.197421875,0.05266186592958875,0.20419921875,0.048691090064114845,0.1041015625,0.05809897509646051
72,70,2026-09-25 13:15:22.524,2026-09-25 13:15:22,0.524,0.2,0.01705078125,0.06850160708411987,0.1384765625,0.07212515858362188,0.1344921875,0.09710038400893432,0.15966796875,0.09110063413646531,0.18720703125,0.08191239246302728,0.19705078125,0.053478977143167884,0.20369140625,0.049772459759895936,0.10359375,0.06022266872631606
73,71,2026-09-25 13:15:54.415,2026-09-25 13:15:52,2.415,0.35,0.017109375,0.06701174462160886,0.13845703125,0.072186417414657,0.1346484375,0.09659612330566021,0.159765625,0.090835091797466,0.18734375,0.08159533958631639,0.1966015625,0.05447017311634529,0.20341796875,0.05035585293404081,0.10337890625,0.0611242901317649
74,72,2026-09-25 13:16:27.576,2026-09-25 13:16:27,0.576,0.35,0.01712890625,0.06651625742364911,0.13869140625,0.0714518811179432,0.1348046875,0.096092447422121,0.15986328125,0.09056971172082877,0.187734375,0.08069074754524615,0.19701171875,0.05356507834921975,0.20361328125,0.049939063572010375,0.1035546875,0.0603864607259581
75,73,2026-09-25 13:17:00.744,2026-09-25 13:16:57,3.7439999999999998,0.2,0.01703125,0.06899936585712234,0.13791015625,0.07390518227190909,0.13388671875,0.09905994325205755,0.1591015625,0.09264398971881009,0.1865234375,0.08350113809336229,0.19587890625,0.05606946786523491,0.20287109375,0.051524995596977305,0.1029296875,0.06301556891048615
76,74,2026-09-25 13:17:32.634,2026-09-25 13:17:32,0.634,0.2,0.01703125,0.06899936585712234,0.1381640625,0.07310633828795571,0.13435546875,0.0975420929279877,0.15939453125,0.09184501761285727,0.18693359375,0.08254719344748848,0.19587890625,0.05606946786523491,0.2023828125,0.052571539266703084,0.102734375,0.06384043996929371
77,75,2026-09-25 13:18:04.526,2026-09-25 13:18:02,2.526,0.5,0.01716796875,0.06552697571591776,0.13884765625,0.07096287953845092,0.13521484375,0.09477307076615275,0.16037109375,0.08919234333900289,0.18775390625,0.08064556736503344,0.19623046875,0.0552906969179366,0.20283203125,0.05160862634668761,0.10294921875,0.06293316790807532
78,76,2026-09-25 13:18:38.969,2026-09-25 13:18:37,1.9689999999999999,0.2,0.01697265625,0.07049607434102316,0.1376953125,0.07458227677528972,0.13376953125,0.09944023616769135,0.1589453125,0.09307070995152254,0.18611328125,0.08445718272914392,0.194765625,0.05854482934573007,0.20140625,0.05467222287245889,0.10193359375,0.06723888726757239
79,77,2026-09-25 13:19:10.873,2026-09-25 13:19:07,3.873,0.2,0.0169921875,0.06999659817107114,0.1378125,0.07421282164292511,0.13396484375,0.09880659951910212,0.15935546875,0.0919514623393468,0.18619140625,0.08427491665495328,0.1951171875,0.05776161095148359,0.20150390625,0.05446169667612957,0.102109375,0.06649060521452607
80,78,2026-09-25 13:19:42.765,2026-09-25 13:19:42,0.765,0.2,0.0169921875,0.06999659817107114,0.13830078125,0.07267679937998764,0.13474609375,0.09628125743099442,0.16,0.0901984518370334,0.18716796875,0.08200302152886181,0.19498046875,0.05806602806436543,0.20134765625,0.054798587593364936,0.1020703125,0.06665677873172597
81,79,2026-09-25 13:20:14.658,2026-09-25 13:20:12,2.658,0.2,0.01701171875,0.06949769578202639,0.1383984375,0.07237024576953,0.13470703125,0.09640717638864756,0.159921875,0.09041056147832094,0.1871875,0.08195770463187244,0.19462890625,0.058849796140959476,0.2010546875,0.05543096330365476,0.10171875,0.06815520856289725
82,80,2026-09-25 13:20:46.564,2026-09-25 13:20:42,4.564,0.35,0.01703125,0.06899936585712234,0.13857421875,0.07181899397319558,0.13486328125,0.09590371946293898,0.1602734375,0.08945688283789512,0.18748046875,0.08127851800243384,0.19486328125,0.05832712695914562,0.20130859375,0.05488285117180221,0.101875,0.06748860139916897
83,81,2026-09-25 13:21:19.729,2026-09-25 13:21:17,2.729,0.35,0.01705078125,0.06850160708411987,0.1384765625,0.07212515858362188,0.1347265625,0.09634421234621708,0.15998046875,0.09025146953616578,0.18716796875,0.08200302152886181,0.19447265625,0.05919859204919953,0.20091796875,0.05572638738319886,0.10154296875,0.06890636668945328
84,82,2026-09-25 13:21:52.898,2026-09-25 13:21:52,0.898,0.5,0.01697265625,0.07049607434102316,0.1380859375,0.07335197996978902,0.1343359375,0.09760523089159436,0.15953125,0.09147266638993512,0.18681640625,0.08281953531379393,0.1946875,0.05871906986237148,0.2008984375,0.055768607232734205,0.101640625,0.06848889623348413
85,83,2026-09-25 13:22:27.334,2026-09-25 13:22:27,0.334,0.35,0.0169140625,0.07199795877234294,0.13751953125,0.07513704944843345,0.13357421875,0.10007479864455912,0.15908203125,0.09269730682426079,0.1860546875,0.08459393250153693,0.19435546875,0.05946037293832112,0.2006640625,0.05627556582948712,0.101484375,0.06915704172204247
86,84,2026-09-25 13:23:00.491,2026-09-25 13:22:57,3.491,0.35,0.0169140625,0.07199795877234294,0.13736328125,0.07563077635328226,0.13337890625,0.10071028965918394,0.15865234375,0.09387194223444435,0.18580078125,0.0851870129303575,0.19412109375,0.05998440857584347,0.2007421875,0.056106513868651384,0.1015234375,0.068989908958039
87,85,2026-09-25 13:23:33.660,2026-09-25 13:23:32,1.6600000000000001,0.2,0.01685546875,0.07350505507447999,0.13736328125,0.07563077635328226,0.1333984375,0.10064669869605647,0.1585546875,0.09413934848752234,0.18578125,0.08523266806647345,0.19416015625,0.05989702537999473,0.20064453125,0.05631783910366297,0.101484375,0.06915704172204247
88,86,2026-09-25 13:24:05.558,2026-09-25 13:24:02,3.558,0.5,0.01689453125,0.07249974332487538,0.1376953125,0.07458227677528972,0.1337890625,0.09937683088516344,0.1591796875,0.09243078672881237,0.18615234375,0.08436604013029875,0.1940625,0.060115516344960936,0.20048828125,0.05665617351119481,0.1012890625,0.06999367168970007
89,87,2026-09-25 13:24:40.000,2026-09-25 13:24:37,3.0,0.5,0.01693359375,0.07149675331347932,0.1371875,0.07618689086864228,0.13314453125,0.10147410837913276,0.15845703125,0.09440691949093617,0.18541015625,0.08610102880367398,0.1940625,0.060115516344960936,0.20076171875,0.0560642611584071,0.10146484375,0.06924063222983654
90,88,2026-09-25 13:25:14.437,2026-09-25 13:25:12,2.437,0.2,0.01693359375,0.07149675331347932,0.136640625,0.07792159296004952,0.1327734375,0.1026862421305481,0.15810546875,0.09537154237939643,0.18494140625,0.08720039312510582,0.19373046875,0.06085920891574867,0.2003515625,0.05695243248807077,0.10150390625,0.06907346730017326
91,89,2026-09-25 13:25:46.342,2026-09-25 13:25:42,4.342,0.5,0.01689453125,0.07249974332487538,0.13724609375,0.07600144022946967,0.13326171875,0.10109203109768278,0.1584375,0.09446045347952817,0.185390625,0.08614678013180727,0.19416015625,0.05989702537999473,0.20068359375,0.056233296669698694,0.101484375,0.06915704172204247
92,90,2026-09-25 13:26:20.777,2026-09-25 13:26:17,3.777,0.35,0.0168359375,0.07400858496497686,0.13666015625,0.07785951985454781,0.13255859375,0.10338955318612227,0.15787109375,0.09601581667023802,0.18455078125,0.08811866068764132,0.19349609375,0.0613849361849153,0.20005859375,0.05758795450075618,0.1011328125,0.07066413802417955
93,91,2026-09-25 13:26:53.951,2026-09-25 13:26:52,1.951,0.35,0.01681640625,0.07451269933603487,0.1366015625,0.0780457657934625,0.1325,0.10358156312893156,0.15791015625,0.09590837122636907,0.1847265625,0.08770519999770116,0.1934375,0.061516467501423124,0.2002734375,0.057121814113425005,0.10119140625,0.07041259183591154
94,92,2026-09-25 13:27:27.128,2026-09-25 13:27:27,0.128,0.2,0.01685546875,0.07350505507447999,0.13681640625,0.07736325414489506,0.13287109375,0.10236693141702159,0.158125,0.0953178959730651,0.18482421875,0.08747566958598277,0.19365234375,0.061034380636144414,0.20021484375,0.05724889369938024,0.1012890625,0.06999367168970007
95,93,2026-09-25 13:27:59.037,2026-09-25 13:27:57,2.037,0.35,0.01681640625,0.07451269933603487,0.1371875,0.07618689086864228,0.133125,0.10153782061894533,0.158359375,0.09467465544781789,0.18515625,0.08669617233904241,0.1937109375,0.06090299522237477,0.2001953125,0.057291261826032384,0.10115234375,0.07058027310513872
96,94,2026-09-25 13:28:32.223,2026-09-25 13:28:32,0.223,0.35,0.01689453125,0.07249974332487538,0.13716796875,0.07624872535040163,0.13322265625,0.10121935284644093,0.158359375,0.09467465544781789,0.1853515625,0.08623829724981592,0.19404296875,0.06015922773163199,0.20041015625,0.05682543960781408,0.10138671875,0.06957515524418355
97,95,2026-09-25 13:29:05.383,2026-09-25 13:29:02,3.383,0.2,0.01685546875,0.07350505507447999,0.13708984375,0.0764961513544753,0.1329296875,0.10217545761779841,0.15828125,0.09488896311656492,0.1851171875,0.08678780531372632,0.19373046875,0.06085920891574867,0.20033203125,0.056994771701548444,0.1012890625,0.06999367168970007
98,96,2026-09-25 13:29:37.287,2026-09-25 13:29:37,0.287,0.35,0.016875,0.07300210831079627,0.13732421875,0.0757542958313342,0.13333984375,0.10083749952591163,0.15853515625,0.0941928495016834,0.1853515625,0.08623829724981592,0.19373046875,0.06085920891574867,0.19990234375,0.05792728021928107,0.1010546875,0.07099975974250815
99,97,2026-09-25 13:30:10.452,2026-09-25 13:30:07,3.452,0.2,0.01689453125,0.07249974332487538,0.1369921875,0.07680563222120469,0.133203125,0.1012830277211101,0.15849609375,0.09429987130653823,0.18541015625,0.08610102880367398,0.19384765625,0.06059658374231321,0.20029296875,0.05707946251342043,0.1014453125,0.06932423882974888
100,98,2026-09-25 13:30:42.342,2026-09-25 13:30:42,0.342,0.2,0.0169140625,0.07199795877234294,0.13734375,0.07569253170097301,0.13349609375,0.10032888347374797,0.1587890625,0.09349784987472083,0.18580078125,0.0851870129303575,0.19388671875,0.06050907729795045,0.2005078125,0.05661386729306157,0.1013671875,0.06965882627457491
101,99,2026-09-25 13:31:14.237,2026-09-25 13:31:12,2.237,0.2,0.01693359375,0.07149675331347932,0.137578125,0.07495204647144912,0.1337890625,0.09937683088516344,0.15908203125,0.09269730682426079,0.186015625,0.08468512294426642,0.19375,0.060815427023287266,0.20009765625,0.057503164480591694,0.10126953125,0.070077423397973
102,100,2026-09-25 13:31:46.141,2026-09-25 13:31:42,4.141,0.5,0.016953125,0.0709961256131977,0.1379296875,0.07384368053961012,0.13388671875,0.09905994325205755,0.1594921875,0.09157901988181065,0.18603515625,0.08463952532945172,0.19349609375,0.0613849361849153,0.199765625,0.05822440786350766,0.10095703125,0.07141965195534183
103,101,2026-09-25 13:32:20.578,2026-09-25 13:32:17,3.578,0.2,0.01689453125,0.07249974332487538,0.13736328125,0.07563077635328226,0.13345703125,0.10045598165490187,0.1586328125,0.09392541031477081,0.18548828125,0.08591807167325753,0.19365234375,0.061034380636144414,0.20017578125,0.057333634086361995,0.10115234375,0.07058027310513872
104,102,2026-09-25 13:32:52.481,2026-09-25 13:32:52,0.481,0.2,0.016953125,0.0709961256131977,0.1376953125,0.07458227677528972,0.133828125,0.0992500480841162,0.1590625,0.09275063047610543,0.18609375,0.08450276120238757,0.1942578125,0.05967864428125982,0.20048828125,0.05665617351119481,0.10146484375,0.06924063222983654
105,103,2026-09-25 13:33:24.379,2026-09-25 13:33:22,2.379,0.2,0.016953125,0.0709961256131977,0.1379296875,0.07384368053961012,0.13412109375,0.0983003549833837,0.15931640625,0.09205793316162647,0.18638671875,0.08381958585008283,0.19416015625,0.05989702537999473,0.20037109375,0.05691009740182549,0.10138671875,0.06957515524418355
106,104,2026-09-25 13:33:56.270,2026-09-25 13:33:52,4.27,0.35,0.0169140625,0.07199795877234294,0.13779296875,0.07427437567632182,0.134140625,0.0982371158887101,0.159375,0.09189823671492786,0.18662109375,0.083273818286077,0.19375,0.060815427023287266,0.20015625,0.057376010481175604,0.10115234375,0.07058027310513872
107,105,2026-09-25 13:34:29.431,2026-09-25 13:34:27,2.431,0.35,0.016953125,0.0709961256131977,0.137890625,0.07396669271488472,0.13421875,0.09798425155440316,0.15939453125,0.09184501761285727,0.186328125,0.08395613497301348,0.1938671875,0.060552828316161336,0.2001171875,0.05746077567748321,0.10115234375,0.07058027310513872
108,106,2026-09-25 13:35:02.620,2026-09-25 13:35:02,0.62,0.2,0.0168359375,0.07400858496497686,0.13681640625,0.07736325414489506,0.133046875,0.10179276308702556,0.15822265625,0.09504976329682954,0.1851953125,0.08660455869417082,0.19384765625,0.06059658374231321,0.20052734375,0.056571565195730776,0.1014453125,0.06932423882974888
109,107,2026-09-25 13:35:34.525,2026-09-25 13:35:32,2.525,0.5,0.01693359375,0.07149675331347932,0.13669921875,0.07773540025327341,0.13294921875,0.10211165177299061,0.15814453125,0.09526425619260988,0.185078125,0.08687945762638113,0.1952734375,0.05741396676089445,0.2019921875,0.05341059378175455,0.10255859375,0.06458416583597579
110,108,2026-09-25 13:36:08.965,2026-09-25 13:36:07,1.9649999999999999,0.5,0.01681640625,0.07451269933603487,0.13515625,0.08266529930993059,0.13115234375,0.10802138537285481,0.15646484375,0.0999016637322865,0.18306640625,0.09162589265084282,0.19474609375,0.0585883829216482,0.20236328125,0.052613453514856384,0.10248046875,0.06491511992469379
111,109,2026-09-25 13:36:43.405,2026-09-25 13:36:42,1.405,0.2,0.01705078125,0.06850160708411987,0.13544921875,0.08172492835738482,0.13125,0.10769812932376374,0.15787109375,0.09601581667023802,0.1847265625,0.08770519999770116,0.19779296875,0.0518462891980647,0.2056640625,0.045586756032319015,0.10494140625,0.054609343554338795
112,110,2026-09-25 13:37:15.297,2026-09-25 13:37:12,3.297,0.35,0.01693359375,0.07149675331347932,0.134765625,0.08392230302943308,0.130390625,0.11055107437037988,0.1571875,0.09790042775693679,0.18314453125,0.09144059366908644,0.1963671875,0.05498821828540944,0.20447265625,0.04810992741319151,0.10408203125,0.05818046388212094
113,111,2026-09-25 13:37:48.466,2026-09-25 13:37:47,1.466,0.5,0.01677734375,0.07552268695844731,0.13421875,0.08568824294350252,0.130390625,0.11055107437037988,0.1556640625,0.10213007407267657,0.18146484375,0.09544204960065945,0.19404296875,0.06015922773163199,0.20205078125,0.0532846322160521,0.10328125,0.061534737645448895
114,112,2026-09-25 13:38:22.909,2026-09-25 13:38:22,0.909,0.2,0.01671875,0.07704208611253634,0.13421875,0.08568824294350252,0.13029296875,0.1108764617250058,0.15568359375,0.10207558633884904,0.1815625,0.09520839463085318,0.19376953125,0.06077164954410065,0.2015625,0.05433542992661292,0.10263671875,0.06425346375877175
115,113,2026-09-25 13:38:54.798,2026-09-25 13:38:52,2.798,0.5,0.01677734375,0.07552268695844731,0.1353515625,0.0820381591548817,0.1312890625,0.10756889424413041,0.15654296875,0.09968486877862529,0.1830078125,0.09176491878933034,0.19419921875,0.05980965976274101,0.20181640625,0.053788697828576,0.102578125,0.06450146670559101
116,114,2026-09-25 13:39:29.232,2026-09-25 13:39:27,2.232,0.2,0.016796875,0.07501739954612192,0.1352734375,0.08228890655324637,0.13125,0.10769812932376374,0.1565234375,0.09973905737210798,0.18310546875,0.09153323327735217,0.19484375,0.058370658706979696,0.20220703125,0.052948913206656185,0.10283203125,0.06342780860152744
117,115,2026-09-25 13:40:01.127,2026-09-25 13:39:57,4.127,0.35,0.0168359375,0.07400858496497686,0.13580078125,0.08059916438107269,0.13193359375,0.10544204901953967,0.15716796875,0.0979543941418342,0.18404296875,0.08931531855894143,0.19494140625,0.058153043588980984,0.20212890625,0.05311674027159985,0.10294921875,0.06293316790807532
118,116,2026-09-25 13:40:34.295,2026-09-25 13:40:32,2.295,0.5,0.01689453125,0.07249974332487538,0.1363671875,0.07879154928852843,0.1324609375,0.10370961693552154,0.157578125,0.09682250592806112,0.18501953125,0.0870169723719187,0.195234375,0.057500851723053525,0.2025390625,0.052236370828764506,0.10291015625,0.06309798555024453
119,117,2026-09-25 13:41:08.730,2026-09-25 13:41:07,1.73,0.35,0.016875,0.07300210831079627,0.13625,0.07916492184217758,0.13181640625,0.10582797423620002,0.1571875,0.09790042775693679,0.18453125,0.08816462507165025,0.19541015625,0.057110006205235715,0.20271484375,0.051859615266351,0.10291015625,0.06309798555024453
120,118,2026-09-25 13:41:41.896,2026-09-25 13:41:37,4.896,0.2,0.01689453125,0.07249974332487538,0.13619140625,0.07935172856177011,0.13193359375,0.10544204901953967,0.157265625,0.09768462925217206,0.18435546875,0.08857852358734616,0.19572265625,0.05641603704624262,0.2026171875,0.05206888356023932,0.102734375,0.06384043996929371
121,119,2026-09-25 13:42:13.798,2026-09-25 13:42:12,1.798,0.35,0.01697265625,0.07049607434102316,0.13716796875,0.07624872535040163,0.13298828125,0.101984068199246,0.1584765625,0.09435339210048158,0.1862109375,0.08422936208608542,0.19630859375,0.055117826189451186,0.20302734375,0.051190633550317506,0.103125,0.06219226158922054
122,120,2026-09-25 13:42:46.967,2026-09-25 13:42:42,4.967,0.35,0.01701171875,0.06949769578202639,0.137421875,0.07544556298126479,0.13328125,0.10102838421812244,0.15837890625,0.09462109505040109,0.18701171875,0.08236572703644829,0.198515625,0.05026244279913418,0.20560546875,0.04571050428273689,0.104453125,0.056634785533086034
123,121,2026-09-25 13:43:20.138,2026-09-25 13:43:17,3.138,0.2,0.01705078125,0.06850160708411987,0.13783203125,0.07415127633255454,0.13365234375,0.09982086238127795,0.1587890625,0.09349784987472083,0.187734375,0.08069074754524615,0.1987109375,0.04983536588213002,0.20580078125,0.04529814716677543,0.1048046875,0.05517551578711261
124,122,2026-09-25 13:43:52.036,2026-09-25 13:43:52,0.036,0.2,0.01720703125,0.06453994237764168,0.13876953125,0.0712073115031999,0.13447265625,0.0971634577846466,0.15958984375,0.09131318496997666,0.18853515625,0.07884220348700202,0.1991015625,0.04898246992477667,0.20583984375,0.045215722706117505,0.104921875,0.054690180126355036
125,123,2026-09-25 13:44:23.942,2026-09-25 13:44:22,1.942,0.35,0.01724609375,0.06355514721212104,0.1394921875,0.06895154790992526,0.13572265625,0.0931450906981382,0.1605078125,0.08882225854293645,0.18923828125,0.07722555377111741,0.19884765625,0.0495366617314873,0.20556640625,0.04579302271009958,0.10501953125,0.054286147645913524
126,124,2026-09-25 13:44:57.117,2026-09-25 13:44:57,0.117,0.5,0.0171875,0.06503317863952095,0.1390625,0.07029140012983204,0.135078125,0.0952124177757041,0.16009765625,0.08993346038216898,0.18919921875,0.07731520994028455,0.199140625,0.048897272380236036,0.20595703125,0.04496854314230029,0.105625,0.051789501189453246
127,125,2026-09-25 13:45:31.614,2026-09-25 13:45:27,4.614,0.35,0.017109375,0.06701174462160886,0.13779296875,0.07427437567632182,0.133828125,0.0992500480841162,0.15845703125,0.09440691949093617,0.18767578125,0.0808263162936244,0.1983984375,0.05051889068488706,0.20578125,0.04533936526407812,0.10599609375,0.05026636254355657
128,126,2026-09-25 13:46:04.804,2026-09-25 13:46:02,2.8040000000000003,0.2,0.0171484375,0.06602133488358704,0.138203125,0.07298356952900291,0.134140625,0.0982371158887101,0.15880859375,0.09344443440427608,0.18763671875,0.08091671897544615,0.19849609375,0.05030517359878523,0.2053125,0.046329775002099935,0.10546875,0.05243242430006428
129,127,2026-09-25 13:46:36.699,2026-09-25 13:46:32,4.699,0.2,0.0171875,0.06503317863952095,0.1384765625,0.07212515858362188,0.1345703125,0.09684818046996316,0.15923828125,0.09227095314475842,0.18828125,0.07942747577427782,0.19845703125,0.05039064781317319,0.20572265625,0.045463043032791875,0.10578125,0.05114752844594489
130,128,2026-09-25 13:47:08.616,2026-09-25 13:47:07,1.616,0.2,0.0172265625,0.06404726565786985,0.1391015625,0.07016942442845356,0.13546875,0.09395831790943515,0.16,0.0901984518370334,0.18896484375,0.07785353598615963,0.1982421875,0.05086105692823419,0.20525390625,0.04645373518045066,0.10533203125,0.05299576383487038
131,129,2026-09-25 13:47:40.507,2026-09-25 13:47:37,3.507,0.35,0.017265625,0.06306358577661651,0.1393359375,0.06943828876435319,0.13560546875,0.09352023712103567,0.16017578125,0.08972158357254967,0.18900390625,0.07776376862703407,0.19818359375,0.05098943880291494,0.20509765625,0.046784468738102956,0.10517578125,0.05364047648903236
132,130,2026-09-25 13:48:13.681,2026-09-25 13:48:12,1.681,0.5,0.01712890625,0.06651625742364911,0.13853515625,0.07194143391815748,0.1346875,0.0964701495609327,0.1594140625,0.0917918050315368,0.1880859375,0.07987822255257415,0.19767578125,0.052103674319329954,0.20447265625,0.04810992741319151,0.10466796875,0.055742427079420905
133,131,2026-09-25 13:48:48.116,2026-09-25 13:48:47,1.116,0.5,0.01701171875,0.06949769578202639,0.1378125,0.07421282164292511,0.13390625,0.09899659346244724,0.1587109375,0.09371157747839613,0.186640625,0.08322836859926835,0.196328125,0.05507461925692755,0.2033203125,0.050564397707269344,0.10380859375,0.059322915263717184
134,132,2026-09-25 13:49:22.563,2026-09-25 13:49:22,0.563,0.5,0.01697265625,0.07049607434102316,0.1369140625,0.07705337580002979,0.13296875,0.1020478553010576,0.15810546875,0.09537154237939643,0.185234375,0.08651296437095805,0.19505859375,0.05789204930113609,0.202265625,0.052823085454971094,0.10263671875,0.06425346375877175
135,133,2026-09-25 13:49:57.007,2026-09-25 13:49:57,0.007,0.2,0.016953125,0.0709961256131977,0.13662109375,0.07798367493884198,0.1326171875,0.10319762809708732,0.1579296875,0.0958546584711335,0.18490234375,0.08729213255973153,0.1946875,0.05871906986237148,0.201640625,0.05416713134597425,0.10236328125,0.0654120244204394
136,134,2026-09-25 13:50:28.898,2026-09-25 13:50:27,1.8980000000000001,0.2,0.01693359375,0.07149675331347932,0.136953125,0.07692948634493106,0.13302734375,0.10185652209498028,0.15828125,0.09488896311656492,0.185234375,0.08651296437095805,0.1945703125,0.05898056178110131,0.20154296875,0.05437751476427402,0.10220703125,0.0660754493833675
137,135,2026-09-25 13:51:00.796,2026-09-25 13:50:57,3.7960000000000003,0.2,0.01693359375,0.07149675331347932,0.13712890625,0.07637242073201352,0.13337890625,0.10071028965918394,0.1584375,0.09446045347952817,0.1854296875,0.08605528229476742,0.19423828125,0.05972231171701151,0.20099609375,0.05555754901703188,0.1018359375,0.06765515729072265
138,136,2026-09-25 13:51:32.689,2026-09-25 13:51:32,0.689,0.2,0.01693359375,0.07149675331347932,0.13744140625,0.07538384273929301,0.13376953125,0.09944023616769135,0.1590234375,0.09285729742540823,0.186328125,0.08395613497301348,0.19447265625,0.05919859204919953,0.2008203125,0.05593752768679045,0.101640625,0.06848889623348413
139,137,2026-09-25 13:52:04.596,2026-09-25 13:52:02,2.596,0.35,0.01693359375,0.07149675331347932,0.13767578125,0.07464388319881361,0.133984375,0.09874328667083734,0.15912109375,0.09259067915814613,0.18615234375,0.08436604013029875,0.1939453125,0.06037785068208474,0.200390625,0.05686776644200804,0.1015234375,0.068989908958039
140,138,2026-09-25 13:52:37.757,2026-09-25 13:52:37,0.757,0.35,0.016953125,0.0709961256131977,0.13775390625,0.0743975099220866,0.13390625,0.09899659346244724,0.1591015625,0.09264398971881009,0.1862109375,0.08422936208608542,0.19396484375,0.06033411728676017,0.2002734375,0.057121814113425005,0.10125,0.07016119126049582
141,139,2026-09-25 13:53:10.917,2026-09-25 13:53:07,3.917,0.2,0.0169140625,0.07199795877234294,0.13748046875,0.07526042856344026,0.13373046875,0.09956707451027028,0.1589453125,0.09307070995152254,0.18599609375,0.08473072534698621,0.19376953125,0.06077164954410065,0.200234375,0.05720652970559913,0.10142578125,0.06940786152797644
142,140,2026-09-25 13:53:42.807,2026-09-25 13:53:42,0.807,0.5,0.016953125,0.0709961256131977,0.1376953125,0.07458227677528972,0.13412109375,0.0983003549833837,0.15923828125,0.09227095314475842,0.18662109375,0.083273818286077,0.19408203125,0.060071809357362664,0.2003515625,0.05695243248807077,0.10154296875,0.06890636668945328
143,141,2026-09-25 13:54:17.265,2026-09-25 13:54:17,0.265,0.35,0.0169140625,0.07199795877234294,0.137109375,0.07643428163688316,0.13333984375,0.10083749952591163,0.15845703125,0.09440691949093617,0.18580078125,0.0851870129303575,0.19419921875,0.05980965976274101,0.20078125,0.056022012558548565,0.1016796875,0.0683220203498158
144,142,2026-09-25 13:54:50.439,2026-09-25 13:54:47,3.439,0.35,0.016875,0.07300210831079627,0.136953125,0.07692948634493106,0.1330078125,0.1019202904648039,0.15822265625,0.09504976329682954,0.18517578125,0.08665036310088975,0.19373046875,0.06085920891574867,0.20033203125,0.056994771701548444,0.10138671875,0.06957515524418355
145,143,2026-09-25 13:55:23.605,2026-09-25 13:55:22,1.605,0.35,0.01689453125,0.07249974332487538,0.1371875,0.07618689086864228,0.13337890625,0.10071028965918394,0.1584375,0.09446045347952817,0.1855078125,0.0858723444311091,0.19376953125,0.06077164954410065,0.2004296875,0.05678311689843953,0.10134765625,0.06974251342810549
146,144,2026-09-25 13:55:56.812,2026-09-25 13:55:52,4.812,0.2,0.0169140625,0.07199795877234294,0.1368359375,0.07730126078501484,0.13302734375,0.10185652209498028,0.15826171875,0.09494255656167563,0.1852734375,0.08642138936125597,0.19353515625,0.06129727076638926,0.200234375,0.05720652970559913,0.10119140625,0.07041259183591154
147,145,2026-09-25 13:56:28.705,2026-09-25 13:56:27,1.705,0.2,0.016953125,0.0709961256131977,0.13720703125,0.0761250651895709,0.1334375,0.10051954469664044,0.1586328125,0.09392541031477081,0.18556640625,0.08573519158553422,0.19384765625,0.06059658374231321,0.2001953125,0.057291261826032384,0.1012109375,0.07032877547322672
148,146,2026-09-25 13:57:00.613,2026-09-25 13:56:57,3.613,0.2,0.01693359375,0.07149675331347932,0.13740234375,0.07550729199592396,0.133671875,0.09975740150852637,0.15892578125,0.09312407947317529,0.18609375,0.08450276120238757,0.1937890625,0.060727876477299124,0.20046875,0.0566984838509334,0.10146484375,0.06924063222983654
149,147,2026-09-25 13:57:32.510,2026-09-25 13:57:32,0.51,0.2,0.01697265625,0.07049607434102316,0.13796875,0.07372070319717626,0.13421875,0.09798425155440316,0.1593359375,0.0920046944877132,0.18642578125,0.08372857694742303,0.19392578125,0.06042158848179975,0.20025390625,0.05716416984388266,0.1012890625,0.06999367168970007
150,148,2026-09-25 13:58:04.405,2026-09-25 13:58:02,2.4050000000000002,0.5,0.0169921875,0.06999659817107114,0.1380078125,0.07359776066786174,0.13443359375,0.09728963282385575,0.15982421875,0.09067584429269204,0.18703125,0.08232037227875436,0.19435546875,0.05946037293832112,0.200390625,0.05686776644200804,0.1016015625,0.06865583626317884
151,149,2026-09-25 13:58:38.842,2026-09-25 13:58:37,1.842,0.5,0.0169140625,0.07199795877234294,0.137421875,0.07544556298126479,0.133515625,0.10026534832888978,0.15884765625,0.093337623168641,0.18599609375,0.08473072534698621,0.19392578125,0.06042158848179975,0.2006640625,0.05627556582948712,0.1016015625,0.06865583626317884
152,150,2026-09-25 13:59:13.279,2026-09-25 13:59:12,1.279,0.2,0.016875,0.07300210831079627,0.13669921875,0.07773540025327341,0.13296875,0.1020478553010576,0.1580859375,0.09542519541324108,0.18490234375,0.08729213255973153,0.193515625,0.061341101263666514,0.20013671875,0.05741839101128031,0.10107421875,0.07091582999407738
153,151,2026-09-25 13:59:45.194,2026-09-25 13:59:42,3.194,0.2,0.016875,0.07300210831079627,0.13728515625,0.0758778504500632,0.13330078125,0.10096474666479538,0.15869140625,0.093765025817877,0.1854296875,0.08605528229476742,0.19353515625,0.06129727076638926,0.20021484375,0.05724889369938024,0.101171875,0.07049642437779977
154,152,2026-09-25 14:00:17.086,2026-09-25 14:00:17,0.086,0.5,0.01693359375,0.07149675331347932,0.1374609375,0.07532213126751555,0.1337109375,0.09963050757573076,0.15873046875,0.09365813571595828,0.1860546875,0.08459393250153693,0.19416015625,0.05989702537999473,0.200546875,0.05652926721839972,0.10146484375,0.06924063222983654
155,153,2026-09-25 14:00:51.529,2026-09-25 14:00:47,4.529,0.35,0.016875,0.07300210831079627,0.136796875,0.07742525635527986,0.13294921875,0.10211165177299061,0.15826171875,0.09494255656167563,0.1850390625,0.0869711292851708,0.1934765625,0.06142877553102865,0.200078125,0.057545557421413415,0.10115234375,0.07058027310513872
156,154,2026-09-25 14:01:24.702,2026-09-25 14:01:22,2.702,0.35,0.016875,0.07300210831079627,0.1367578125,0.07754928733767463,0.13310546875,0.10160154220689664,0.15826171875,0.09494255656167563,0.1850390625,0.0869711292851708,0.1936328125,0.06107818460833376,0.2001953125,0.057291261826032384,0.10123046875,0.07024497528350158
157,155,2026-09-25 14:01:57.880,2026-09-25 14:01:57,0.88,0.5,0.01689453125,0.07249974332487538,0.13697265625,0.07686755486790595,0.13306640625,0.10172901343819143,0.15822265625,0.09504976329682954,0.18541015625,0.08610102880367398,0.19408203125,0.060071809357362664,0.20056640625,0.05648697336026602,0.1015234375,0.068989908958039
158,156,2026-09-25 14:02:32.362,2026-09-25 14:02:32,0.362,0.35,0.016875,0.07300210831079627,0.136328125,0.07891597114352736,0.13232421875,0.1041581028311457,0.1576171875,0.09671486074671856,0.18455078125,0.08811866068764132,0.1937109375,0.06090299522237477,0.2004296875,0.05678311689843953,0.10142578125,0.06940786152797644
159,157,2026-09-25 14:03:05.528,2026-09-25 14:03:02,3.528,0.2,0.01685546875,0.07350505507447999,0.13560546875,0.08122422851013505,0.131640625,0.10640750584226914,0.156796875,0.09898103165334103,0.18349609375,0.0906077252405642,0.19412109375,0.05998440857584347,0.20138671875,0.05471434036091776,0.10203125,0.06682301585601523
160,158,2026-09-25 14:03:37.429,2026-09-25 14:03:37,0.429,0.5,0.01685546875,0.07350505507447999,0.13537109375,0.08197549491959466,0.13115234375,0.10802138537285481,0.1566015625,0.09952234355428613,0.18333984375,0.09097769181125287,0.19552734375,0.05684963780301072,0.2032421875,0.05073130565778771,0.10302734375,0.06260372015330247
161,159,2026-09-25 14:04:11.881,2026-09-25 14:04:07,4.881,0.35,0.01689453125,0.07249974332487538,0.134765625,0.08392230302943308,0.13083984375,0.10905742458648865,0.156875,0.09876469566784486,0.18330078125,0.09107023271974356,0.1963671875,0.05498821828540944,0.204140625,0.04881572616251749,0.103828125,0.05924121185233839
162,160,2026-09-25 14:04:45.049,2026-09-25 14:04:42,3.049,0.5,0.0166796875,0.0780579801006846,0.13376953125,0.08714422755679074,0.12978515625,0.11257241709883821,0.155234375,0.10333053703101143,0.18064453125,0.09740973023093796,0.19376953125,0.06077164954410065,0.2018359375,0.05374667000816257,0.10294921875,0.06293316790807532
163,161,2026-09-25 14:05:19.499,2026-09-25 14:05:17,2.499,0.2,0.01669921875,0.07754973606151694,0.133984375,0.08644727805993678,0.1300390625,0.11172361155694048,0.155546875,0.10245714411341701,0.1809765625,0.09661221380997226,0.19390625,0.06046533068679247,0.20197265625,0.05345258909019546,0.1026953125,0.06400560235268885
164,162,2026-09-25 14:05:51.389,2026-09-25 14:05:47,4.389,0.35,0.01677734375,0.07552268695844731,0.135,0.08316766429585153,0.13109375,0.1082154545569451,0.1562890625,0.1003898484258106,0.18265625,0.09260001152332499,0.194765625,0.05854482934573007,0.20220703125,0.052948913206656185,0.10291015625,0.06309798555024453
165,163,2026-09-25 14:06:24.557,2026-09-25 14:06:22,2.557,0.2,0.01681640625,0.07451269933603487,0.13544921875,0.08172492835738482,0.131484375,0.10692329507380283,0.15671875,0.09919747545642728,0.18337890625,0.09088517061748512,0.1951171875,0.05776161095148359,0.20248046875,0.05236202868234017,0.1028515625,0.06334532935298344
166,164,2026-09-25 14:06:56.446,2026-09-25 14:06:52,4.446,0.5,0.0169140625,0.07199795877234294,0.13638671875,0.0787293517256719,0.13244140625,0.10377365800057943,0.15748046875,0.09709173566943602,0.1848828125,0.08733800954513346,0.195859375,0.05611277389128701,0.2030078125,0.05123241473096479,0.10314453125,0.06211001663453791
167,165,2026-09-25 14:07:30.886,2026-09-25 14:07:27,3.886,0.2,0.01689453125,0.07249974332487538,0.13595703125,0.0800997600059,0.13185546875,0.10569929438876875,0.157109375,0.09811633354408464,0.18416015625,0.08903887393986619,0.1953125,0.0573270991774659,0.20263671875,0.05202702183367519,0.102734375,0.06384043996929371
168,166,2026-09-25 14:08:02.796,2026-09-25 14:08:02,0.796,0.35,0.016953125,0.0709961256131977,0.13662109375,0.07798367493884198,0.13267578125,0.103005787786862,0.1578125,0.09617703469420284,0.1854296875,0.08605528229476742,0.19546875,0.056979802492102376,0.20255859375,0.05219449295573628,0.10271484375,0.06392301330957537
169,167,2026-09-25 14:08:35.957,2026-09-25 14:08:32,3.957,0.2,0.016953125,0.0709961256131977,0.136875,0.07717730060666413,0.13279296875,0.10262236120347806,0.15791015625,0.09590837122636907,0.18572265625,0.08536966227881906,0.19599609375,0.05580972235396157,0.20306640625,0.0511070832457306,0.10314453125,0.06211001663453791
170,168,2026-09-25 14:09:07.864,2026-09-25 14:09:07,0.864,0.5,0.01703125,0.06899936585712234,0.1374609375,0.07532213126751555,0.1336328125,0.09988433252854524,0.158828125,0.09339102550278804,0.1866015625,0.08331927272977362,0.19630859375,0.055117826189451186,0.20318359375,0.05085652872999069,0.1030078125,0.06268605866561719
171,169,2026-09-25 14:09:42.308,2026-09-25 14:09:42,0.308,0.2,0.0169921875,0.06999659817107114,0.13712890625,0.07637242073201352,0.13296875,0.1020478553010576,0.1580859375,0.09542519541324108,0.18611328125,0.08445718272914392,0.19654296875,0.054599626487636124,0.2033203125,0.050564397707269344,0.10306640625,0.062439089945909056
172,170,2026-09-25 14:10:14.199,2026-09-25 14:10:12,2.199,0.5,0.01703125,0.06899936585712234,0.1375,0.07519873462457616,0.1334765625,0.10039242791484503,0.158671875,0.09381848073601982,0.18646484375,0.08363758711220584,0.1962890625,0.05516103742095821,0.203203125,0.05081478369397034,0.103125,0.06219226158922054
173,171,2026-09-25 14:10:48.639,2026-09-25 14:10:47,1.639,0.2,0.01703125,0.06899936585712234,0.13720703125,0.0761250651895709,0.1331640625,0.1014104054847166,0.15822265625,0.09504976329682954,0.18599609375,0.08473072534698621,0.1965625,0.054556471076272185,0.203515625,0.050147408254299794,0.10314453125,0.06211001663453791
174,172,2026-09-25 14:11:20.542,2026-09-25 14:11:17,3.542,0.2,0.01705078125,0.06850160708411987,0.13771484375,0.07452067908964594,0.13361328125,0.0999478119530394,0.158828125,0.09339102550278804,0.18685546875,0.08272873571448702,0.19748046875,0.0525329887887538,0.20423828125,0.04860801919892215,0.1037109375,0.05973166304156369
175,173,2026-09-25 14:11:52.429,2026-09-25 14:11:52,0.429,0.5,0.0171484375,0.06602133488358704,0.138359375,0.07249284124865128,0.1342578125,0.09785787457638254,0.159375,0.09189823671492786,0.18802734375,0.08001353786194214,0.19794921875,0.051503346148438434,0.20455078125,0.04794402368396425,0.103984375,0.058588137320395244
176,174,2026-09-25 14:12:26.866,2026-09-25 14:12:22,4.866,0.5,0.01705078125,0.06850160708411987,0.1374609375,0.07532213126751555,0.133359375,0.10077388993489304,0.15841796875,0.09451399406788466,0.1868359375,0.08277413314116333,0.19779296875,0.0518462891980647,0.2049609375,0.04707406735548534,0.1041015625,0.05809897509646051
177,175,2026-09-25 14:13:01.319,2026-09-25 14:12:57,4.319,0.5,0.01703125,0.06899936585712234,0.1371875,0.07618689086864228,0.13298828125,0.101984068199246,0.15806640625,0.09547885507623678,0.18630859375,0.08400166088970736,0.1980078125,0.05137481229008298,0.20533203125,0.04628846280402809,0.104609375,0.055985615783061354
178,176,2026-09-25 14:13:35.753,2026-09-25 14:13:32,3.753,0.2,0.01701171875,0.06949769578202639,0.13650390625,0.07835635329286395,0.13236328125,0.10402991673756358,0.15740234375,0.09730723969663588,0.1857421875,0.08532399273969475,0.1974609375,0.05257594358646486,0.20486328125,0.0472810418062899,0.10451171875,0.05639123314877799
179,177,2026-09-25 14:14:07.637,2026-09-25 14:14:07,0.637,0.5,0.01705078125,0.06850160708411987,0.13720703125,0.0761250651895709,0.133125,0.10153782061894533,0.1582421875,0.09499615662121953,0.18658203125,0.08336473193135414,0.19775390625,0.05193206729075973,0.20443359375,0.04819290305003219,0.10447265625,0.05655358622801568
180,178,2026-09-25 14:14:42.073,2026-09-25 14:14:42,0.073,0.35,0.01705078125,0.06850160708411987,0.13697265625,0.07686755486790595,0.132890625,0.10230309743705755,0.15794921875,0.09580095235817275,0.18619140625,0.08427491665495328,0.19751953125,0.05244709193683156,0.20447265625,0.04810992741319151,0.10443359375,0.05671600002269215
181,179,2026-09-25 14:15:15.267,2026-09-25 14:15:12,3.267,0.35,0.0169921875,0.06999659817107114,0.136875,0.07717730060666413,0.132734375,0.10281403218058105,0.1576171875,0.09671486074671856,0.18619140625,0.08427491665495328,0.1975390625,0.05240414988094018,0.20486328125,0.0472810418062899,0.10482421875,0.0550945888359973
182,180,2026-09-25 14:15:48.438,2026-09-25 14:15:47,1.438,0.5,0.01705078125,0.06850160708411987,0.13736328125,0.07563077635328226,0.133203125,0.1012830277211101,0.15822265625,0.09504976329682954,0.18650390625,0.08354661633644313,0.19763671875,0.052189503268602014,0.2044921875,0.04806844553896313,0.1046875,0.05566139443026271
183,181,2026-09-25 14:16:22.878,2026-09-25 14:16:22,0.878,0.2,0.01701171875,0.06949769578202639,0.13666015625,0.07785951985454781,0.13259765625,0.10326159370319803,0.157578125,0.09682250592806112,0.185859375,0.08505007631188005,0.19751953125,0.05244709193683156,0.20498046875,0.04703268429938625,0.10505859375,0.0541246398411875
184,182,2026-09-25 14:16:54.769,2026-09-25 14:16:52,2.769,0.35,0.01712890625,0.06651625742364911,0.13732421875,0.0757542958313342,0.1334375,0.10051954469664044,0.1584375,0.09446045347952817,0.18685546875,0.08272873571448702,0.197578125,0.05231827850509876,0.2048046875,0.04740527384010102,0.1048046875,0.05517551578711261
185,183,2026-09-25 14:17:27.928,2026-09-25 14:17:27,0.928,0.2,0.01708984375,0.06750779776737637,0.13744140625,0.07538384273929301,0.13349609375,0.10032888347374797,0.1583984375,0.09456754125763299,0.18677734375,0.0829103539008885,0.19763671875,0.052189503268602014,0.20478515625,0.04744669241644287,0.10498046875,0.05444771553538982
186,184,2026-09-25 14:17:59.821,2026-09-25 14:17:57,2.8209999999999997,0.2,0.01708984375,0.06750779776737637,0.13759765625,0.07489039632131317,0.13341796875,0.10058311704278376,0.15833984375,0.09472822245151251,0.18701171875,0.08236572703644829,0.19751953125,0.05244709193683156,0.204765625,0.04748811494324262,0.10466796875,0.055742427079420905
187,185,2026-09-25 14:18:31.719,2026-09-25 14:18:27,4.719,0.2,0.0171484375,0.06602133488358704,0.13814453125,0.07316773568424129,0.13431640625,0.09766837803556652,0.15923828125,0.09227095314475842,0.18765625,0.080871515282259,0.19765625,0.05214658667368561,0.20462890625,0.0477781833069979,0.10453125,0.05631007936326606
188,186,2026-09-25 14:19:03.614,2026-09-25 14:19:02,1.6139999999999999,0.2,0.01720703125,0.06453994237764168,0.13861328125,0.07169658853780154,0.1349609375,0.09558935500339066,0.1597265625,0.09094128925047179,0.18873046875,0.07839253013775482,0.1983203125,0.05068994010887964,0.20544921875,0.046040672107745345,0.1054296875,0.052593303902534944
189,187,2026-09-25 14:19:35.505,2026-09-25 14:19:32,3.505,0.5,0.0172265625,0.06404726565786985,0.13931640625,0.06949916974600522,0.13568359375,0.09327010350323373,0.16029296875,0.0894039620455427,0.18953125,0.07655372181859202,0.19865234375,0.04996344486518756,0.205546875,0.04583428780414016,0.1057421875,0.05130793268854512
190,188,2026-09-25 14:20:09.944,2026-09-25 14:20:07,2.944,0.35,0.017109375,0.06701174462160886,0.13775390625,0.0743975099220866,0.133984375,0.09874328667083734,0.15892578125,0.09312407947317529,0.18705078125,0.08227502225710787,0.1969921875,0.0536081353543513,0.20373046875,0.04968918181488462,0.103984375,0.058588137320395244
191,189,2026-09-25 14:20:43.103,2026-09-25 14:20:42,1.103,0.2,0.0170703125,0.06800441815528654,0.13732421875,0.0757542958313342,0.133515625,0.10026534832888978,0.15853515625,0.0941928495016834,0.18662109375,0.083273818286077,0.19650390625,0.05468595017742602,0.20333984375,0.05052268074053026,0.10369140625,0.059813458781875745
192,190,2026-09-25 14:21:14.999,2026-09-25 14:21:12,2.999,0.5,0.01705078125,0.06850160708411987,0.13748046875,0.07526042856344026,0.1334765625,0.10039242791484503,0.15845703125,0.09440691949093617,0.186796875,0.08286494223337144,0.196796875,0.054038940351390445,0.20392578125,0.049273031455423534,0.10380859375,0.059322915263717184
193,191,2026-09-25 14:21:49.438,2026-09-25 14:21:47,2.438,0.5,0.01681640625,0.07451269933603487,0.135390625,0.08191283972480906,0.13140625,0.10718141958773325,0.15646484375,0.0999016637322865,0.183515625,0.09056150157154047,0.19458984375,0.05893696885941822,0.20193359375,0.05353659189159919,0.10275390625,0.06375788232587365
194,192,2026-09-25 14:22:23.876,2026-09-25 14:22:22,1.876,0.35,0.0169140625,0.07199795877234294,0.13490234375,0.08348193776054155,0.13068359375,0.10957637249815813,0.15734375,0.09746893792322736,0.18376953125,0.08996104114461895,0.19619140625,0.05537715809319795,0.203984375,0.04914826406689867,0.1037890625,0.05940463404877406
195,193,2026-09-25 14:22:57.054,2026-09-25 14:22:57,0.054,0.35,0.01671875,0.07704208611253634,0.1343359375,0.08530922228069375,0.130625,0.10977113794662909,0.15578125,0.10180325016518964,0.18220703125,0.09366941660131119,0.19435546875,0.05946037293832112,0.20193359375,0.05353659189159919,0.10298828125,0.06276841279156865
196,194,2026-09-25 14:23:30.226,2026-09-25 14:23:27,3.226,0.35,0.0167578125,0.07602856294098413,0.1346484375,0.08430011469475966,0.1308203125,0.10912225917374097,0.1559375,0.10136786718947426,0.1825,0.09297167990878437,0.1940625,0.060115516344960936,0.2017578125,0.053914805698184916,0.10291015625,0.06309798555024453
197,195,2026-09-25 14:24:03.389,2026-09-25 14:24:02,1.389,0.5,0.01685546875,0.07350505507447999,0.13529296875,0.08222620612984965,0.13140625,0.10718141958773325,0.15673828125,0.09914335439187931,0.18353515625,0.09051528282175987,0.19490234375,0.05824007655157749,0.20232421875,0.05269729414868883,0.10298828125,0.06276841279156865
198,196,2026-09-25 14:24:37.825,2026-09-25 14:24:37,0.825,0.35,0.01681640625,0.07451269933603487,0.1352734375,0.08228890655324637,0.13123046875,0.10776276128785409,0.1563671875,0.10017280969970264,0.18345703125,0.09070018734053092,0.1951953125,0.05758775407089789,0.20259765625,0.05211074932225204,0.10267578125,0.06408820710460751
199,197,2026-09-25 14:25:10.985,2026-09-25 14:25:07,3.985,0.35,0.016875,0.07300210831079627,0.1356640625,0.08103661479194495,0.13177734375,0.10595669222229441,0.1569921875,0.09844039361277294,0.18423828125,0.08885467523838653,0.19591796875,0.0559828687658646,0.20345703125,0.05027246305630702,0.1032421875,0.06169902532734122
200,198,2026-09-25 14:25:44.146,2026-09-25 14:25:42,2.146,0.5,0.0169140625,0.07199795877234294,0.1358984375,0.08028696935511831,0.131953125,0.10537776147861797,0.1570703125,0.09822432670189664,0.18458984375,0.088026746511234,0.19611328125,0.05555013210002633,0.20330078125,0.05060611868159446,0.1032421875,0.06169902532734122
201,199,2026-09-25 14:26:18.580,2026-09-25 14:26:17,1.58,0.2,0.01693359375,0.07149675331347932,0.13607421875,0.07972558323211913,0.13212890625,0.10479960144394718,0.1573828125,0.09736113241643,0.1851171875,0.08678780531372632,0.19681640625,0.05399584061613922,0.20421875,0.048649552645317624,0.10361328125,0.06014079588567329
202,200,2026-09-25 14:26:50.478,2026-09-25 14:26:47,3.4779999999999998,0.5,0.01693359375,0.07149675331347932,0.1365625,0.07816997414034182,0.132578125,0.10332556873195083,0.15771484375,0.0964458644656485,0.185625,0.08559808203999031,0.1969140625,0.053780406075334145,0.20396484375,0.04918984921385463,0.10345703125,0.06079621118743508
203,201,2026-09-25 14:27:24.919,2026-09-25 14:27:22,2.919,0.2,0.0169921875,0.06999659817107114,0.1366015625,0.0780457657934625,0.1323828125,0.10396583787622955,0.15771484375,0.0964458644656485,0.18556640625,0.08573519158553422,0.19728515625,0.05296272806971485,0.20431640625,0.048441925122166524,0.1037109375,0.05973166304156369
204,202,2026-09-25 14:27:56.812,2026-09-25 14:27:52,4.812,0.2,0.0170703125,0.06800441815528654,0.137265625,0.07593964094343107,0.13302734375,0.10185652209498028,0.1582421875,0.09499615662121953,0.1867578125,0.08295577031733803,0.19837890625,0.05056164672547321,0.20548828125,0.04595810661664053,0.10431640625,0.0572036061538955
205,203,2026-09-25 14:28:28.706,2026-09-25 14:28:27,1.706,0.2,0.0171875,0.06503317863952095,0.13728515625,0.0758778504500632,0.13296875,0.1020478553010576,0.15921875,0.09232422447041898,0.18751953125,0.08118803998504336,0.19873046875,0.049792681280208285,0.20564453125,0.045628001531367327,0.10501953125,0.054286147645913524
206,204,2026-09-25 14:29:00.624,2026-09-25 14:28:57,3.624,0.35,0.01689453125,0.07249974332487538,0.135859375,0.08041182043601354,0.1319140625,0.10550634607819626,0.15693359375,0.09860251436942567,0.1844140625,0.08844051358187255,0.19552734375,0.05684963780301072,0.20298828125,0.051274199931545715,0.10333984375,0.061288422590976006
207,205,2026-09-25 14:29:33.790,2026-09-25 14:29:32,1.79,0.5,0.01693359375,0.07149675331347932,0.13609375,0.0796632517670816,0.1321875,0.10460705234662186,0.15724609375,0.0977385688264702,0.18447265625,0.08830254741925622,0.19544921875,0.05702319939265347,0.20265625,0.05198516414178184,0.10326171875,0.061616873717921364
208,206,2026-09-25 14:30:08.232,2026-09-25 14:30:07,1.232,0.5,0.016953125,0.0709961256131977,0.13603515625,0.07985027300670614,0.1322265625,0.10447873369244472,0.15724609375,0.0977385688264702,0.18458984375,0.088026746511234,0.195625,0.056632783311111476,0.20283203125,0.05160862634668761,0.103203125,0.06186337518054316
209,207,2026-09-25 14:30:42.670,2026-09-25 14:30:42,0.67,0.5,0.01685546875,0.07350505507447999,0.1358984375,0.08028696935511831,0.13181640625,0.10582797423620002,0.15685546875,0.09881876956219389,0.18396484375,0.089499712779694,0.19560546875,0.056676145547870836,0.20302734375,0.051190633550317506,0.10291015625,0.06309798555024453
210,208,2026-09-25 14:31:17.128,2026-09-25 14:31:17,0.128,0.5,0.01693359375,0.07149675331347932,0.1358984375,0.08028696935511831,0.13181640625,0.10582797423620002,0.15697265625,0.09849442714091762,0.1846484375,0.08788891171021354,0.1962109375,0.05533392535393543,0.20369140625,0.049772459759895936,0.10345703125,0.06079621118743508
211,209,2026-09-25 14:31:51.576,2026-09-25 14:31:47,4.576,0.2,0.01689453125,0.07249974332487538,0.13541015625,0.08185019356791667,0.13150390625,0.10685878790964361,0.1565625,0.09963068694561848,0.18435546875,0.08857852358734616,0.19666015625,0.05434075832068094,0.2041015625,0.048898836770732666,0.10373046875,0.059649882703895596
212,210,2026-09-25 14:32:23.461,2026-09-25 14:32:22,1.461,0.35,0.0169140625,0.07199795877234294,0.1364453125,0.07854281246506051,0.13228515625,0.10428632677122775,0.1574609375,0.09714560165175656,0.185390625,0.08614678013180727,0.1967578125,0.054125152655773535,0.20404296875,0.04902353251219418,0.10353515625,0.060468379896606285
213,211,2026-09-25 14:32:56.633,2026-09-25 14:32:52,4.633,0.2,0.01701171875,0.06949769578202639,0.1367578125,0.07754928733767463,0.13271484375,0.1028779413090759,0.15771484375,0.0964458644656485,0.186015625,0.08468512294426642,0.197578125,0.05231827850509876,0.20458984375,0.04786109557947258,0.10376953125,0.059486368213295546
214,212,2026-09-25 14:33:28.525,2026-09-25 14:33:27,1.525,0.2,0.01708984375,0.06750779776737637,0.1373046875,0.07581606874686447,0.13333984375,0.10083749952591163,0.1585546875,0.09413934848752234,0.1868359375,0.08277413314116333,0.1973046875,0.052919735001135164,0.2041796875,0.048732631456073705,0.10353515625,0.060468379896606285
215,213,2026-09-25 14:34:00.413,2026-09-25 14:33:57,3.413,0.5,0.01708984375,0.06750779776737637,0.13814453125,0.07316773568424129,0.13431640625,0.09766837803556652,0.159453125,0.09168539942475605,0.1878125,0.08051005501844438,0.19798828125,0.051417652682907114,0.204765625,0.04748811494324262,0.103984375,0.058588137320395244
216,214,2026-09-25 14:34:34.849,2026-09-25 14:34:32,2.849,0.2,0.01712890625,0.06651625742364911,0.137421875,0.07544556298126479,0.133515625,0.10026534832888978,0.15837890625,0.09462109505040109,0.18724609375,0.08182178230582325,0.1983984375,0.05051889068488706,0.20546875,0.045999387400085204,0.10423828125,0.057528981319445296
217,215,2026-09-25 14:35:06.744,2026-09-25 14:35:02,4.744,0.2,0.01712890625,0.06651625742364911,0.1381640625,0.07310633828795571,0.1341796875,0.09811066531803857,0.159375,0.09189823671492786,0.1879296875,0.08023915711056326,0.1983203125,0.05068994010887964,0.2048828125,0.04723963902424759,0.10390625,0.05891455182798455
218,216,2026-09-25 14:35:38.656,2026-09-25 14:35:37,1.6560000000000001,0.35,0.01716796875,0.06552697571591776,0.138515625,0.07200266683780823,0.13484375,0.0959666196704358,0.1599609375,0.09030449370837049,0.18857421875,0.07875223156169515,0.1980859375,0.05120349296561151,0.2049609375,0.04707406735548534,0.1041796875,0.05777317276917541
219,217,2026-09-25 14:36:11.825,2026-09-25 14:36:07,4.825,0.35,0.0171875,0.06503317863952095,0.13841796875,0.07230896100517183,0.13474609375,0.09628125743099442,0.1596875,0.09104751267815143,0.18828125,0.07942747577427782,0.198125,0.05111785863980846,0.20470703125,0.047612406233927346,0.1040234375,0.05842502202011034
220,218,2026-09-25 14:36:44.993,2026-09-25 14:36:42,2.993,0.35,0.01716796875,0.06552697571591776,0.138125,0.07322914176167175,0.134296875,0.09773153436257416,0.15943359375,0.09173859896936887,0.187890625,0.08032943763929566,0.19802734375,0.051331976122774625,0.20451171875,0.048026967626520284,0.103828125,0.05924121185233839
221,219,2026-09-25 14:37:18.152,2026-09-25 14:37:17,1.152,0.2,0.01708984375,0.06750779776737637,0.1378515625,0.07408973974273803,0.133828125,0.0992500480841162,0.15880859375,0.09344443440427608,0.1875390625,0.08114280804396169,0.19779296875,0.0518462891980647,0.20470703125,0.047612406233927346,0.10388671875,0.05899619380245252
222,220,2026-09-25 14:37:50.048,2026-09-25 14:37:47,3.048,0.2,0.01703125,0.06899936585712234,0.13779296875,0.07427437567632182,0.13412109375,0.0983003549833837,0.15888671875,0.09323083819591142,0.18697265625,0.08245645076393578,0.19626953125,0.055204252952304245,0.20287109375,0.051524995596977305,0.10361328125,0.06014079588567329
