dose_id,start_time,end_time,subdose_count,volume,pulse_duration_sec,interval_sec
2,2026-09-25 12:36:38.138,2026-09-25 12:36:40.670,6,0.35,2.532,
3,2026-09-25 12:37:11.325,2026-09-25 12:37:15.330,9,0.5,4.005,33.187
4,2026-09-25 12:37:45.767,2026-09-25 12:37:48.270,6,0.35,2.503,34.442
5,2026-09-25 12:38:18.935,2026-09-25 12:38:21.438,6,0.35,2.503,33.168
6,2026-09-25 12:38:52.105,2026-09-25 12:38:56.111,9,0.5,4.006,33.17
7,2026-09-25 12:39:26.542,2026-09-25 12:39:30.547,9,0.5,4.005,34.437
8,2026-09-25 12:40:00.976,2026-09-25 12:40:02.477,4,0.2,1.501,34.434
9,2026-09-25 12:40:32.877,2026-09-25 12:40:34.379,4,0.2,1.502,31.901
10,2026-09-25 12:41:04.771,2026-09-25 12:41:08.776,9,0.5,4.005,31.894
11,2026-09-25 12:41:39.204,2026-09-25 12:41:41.707,6,0.35,2.503,34.433
12,2026-09-25 12:42:12.370,2026-09-25 12:42:16.375,9,0.5,4.005,33.166
13,2026-09-25 12:42:46.805,2026-09-25 12:42:50.810,9,0.5,4.005,34.435
14,2026-09-25 12:43:21.244,2026-09-25 12:43:22.746,4,0.2,1.502,34.439
15,2026-09-25 12:43:53.155,2026-09-25 12:43:54.657,4,0.2,1.502,31.911
16,2026-09-25 12:44:25.049,2026-09-25 12:44:27.552,6,0.35,2.503,31.894
17,2026-09-25 12:44:58.218,2026-09-25 12:45:00.721,6,0.35,2.503,33.169
18,2026-09-25 12:45:31.381,2026-09-25 12:45:32.883,4,0.2,1.502,33.163
19,2026-09-25 12:46:03.282,2026-09-25 12:46:04.784,4,0.2,1.502,31.901
20,2026-09-25 12:46:35.188,2026-09-25 12:46:39.193,9,0.5,4.005,31.906
21,2026-09-25 12:47:09.632,2026-09-25 12:47:13.637,9,0.5,4.005,34.444
22,2026-09-25 12:47:44.074,2026-09-25 12:47:48.079,9,0.5,4.005,34.442
23,2026-09-25 12:48:18.512,2026-09-25 12:48:20.014,4,0.2,1.502,34.438
24,2026-09-25 12:48:50.407,2026-09-25 12:48:54.412,9,0.5,4.005,31.895
25,2026-09-25 12:49:24.844,2026-09-25 12:49:27.348,6,0.35,2.504,34.437
26,2026-09-25 12:49:58.012,2026-09-25 12:50:00.515,6,0.35,2.503,33.168
27,2026-09-25 12:50:31.180,2026-09-25 12:50:35.186,9,0.5,4.006,33.168
28,2026-09-25 12:51:05.617,2026-09-25 12:51:09.622,9,0.5,4.005,34.437
29,2026-09-25 12:51:40.061,2026-09-25 12:51:44.066,9,0.5,4.005,34.444
30,2026-09-25 12:52:14.498,2026-09-25 12:52:18.504,9,0.5,4.006,34.437
31,2026-09-25 12:52:48.932,2026-09-25 12:52:50.433,4,0.2,1.501,34.434
32,2026-09-25 12:53:20.827,2026-09-25 12:53:24.833,9,0.5,4.006,31.895
33,2026-09-25 12:53:55.262,2026-09-25 12:53:56.764,4,0.2,1.502,34.435
34,2026-09-25 12:54:27.152,2026-09-25 12:54:31.157,9,0.5,4.005,31.89
35,2026-09-25 12:55:01.600,2026-09-25 12:55:03.102,4,0.2,1.502,34.448
36,2026-09-25 12:55:33.487,2026-09-25 12:55:34.990,4,0.2,1.503,31.887
37,2026-09-25 12:56:05.381,2026-09-25 12:56:06.883,4,0.2,1.502,31.894
38,2026-09-25 12:56:37.281,2026-09-25 12:56:38.783,4,0.2,1.502,31.9
39,2026-09-25 12:57:09.178,2026-09-25 12:57:10.680,4,0.2,1.502,31.897
40,2026-09-25 12:57:41.074,2026-09-25 12:57:45.080,9,0.5,4.006,31.896
41,2026-09-25 12:58:15.512,2026-09-25 12:58:17.013,4,0.2,1.501,34.438
42,2026-09-25 12:58:47.407,2026-09-25 12:58:49.910,6,0.35,2.503,31.895
43,2026-09-25 12:59:20.568,2026-09-25 12:59:23.071,6,0.35,2.503,33.161
44,2026-09-25 12:59:53.729,2026-09-25 12:59:56.232,6,0.35,2.503,33.161
45,2026-09-25 13:00:26.921,2026-09-25 13:00:30.926,9,0.5,4.005,33.192
46,2026-09-25 13:01:01.366,2026-09-25 13:01:02.868,4,0.2,1.502,34.445
47,2026-09-25 13:01:33.253,2026-09-25 13:01:37.258,9,0.5,4.005,31.887
48,2026-09-25 13:02:07.689,2026-09-25 13:02:09.191,4,0.2,1.502,34.436
49,2026-09-25 13:02:39.593,2026-09-25 13:02:43.599,9,0.5,4.006,31.904
50,2026-09-25 13:03:14.030,2026-09-25 13:03:16.534,6,0.35,2.504,34.437
51,2026-09-25 13:03:47.224,2026-09-25 13:03:49.727,6,0.35,2.503,33.194
52,2026-09-25 13:04:20.384,2026-09-25 13:04:21.885,4,0.2,1.501,33.16
53,2026-09-25 13:04:52.293,2026-09-25 13:04:56.299,9,0.5,4.006,31.909
54,2026-09-25 13:05:26.735,2026-09-25 13:05:28.236,4,0.2,1.501,34.442
55,2026-09-25 13:05:58.636,2026-09-25 13:06:01.140,6,0.35,2.504,31.901
56,2026-09-25 13:06:31.808,2026-09-25 13:06:35.813,9,0.5,4.005,33.172
57,2026-09-25 13:07:06.251,2026-09-25 13:07:08.755,6,0.35,2.504,34.443
58,2026-09-25 13:07:39.417,2026-09-25 13:07:41.921,6,0.35,2.504,33.166
59,2026-09-25 13:08:12.599,2026-09-25 13:08:16.604,9,0.5,4.005,33.182
60,2026-09-25 13:08:47.053,2026-09-25 13:08:48.554,4,0.2,1.501,34.454
61,2026-09-25 13:09:18.940,2026-09-25 13:09:22.945,9,0.5,4.005,31.887
62,2026-09-25 13:09:53.382,2026-09-25 13:09:55.884,6,0.35,2.502,34.442
63,2026-09-25 13:10:26.552,2026-09-25 13:10:29.056,6,0.35,2.504,33.17
64,2026-09-25 13:10:59.728,2026-09-25 13:11:01.231,4,0.2,1.503,33.176
65,2026-09-25 13:11:31.623,2026-09-25 13:11:35.627,9,0.5,4.004,31.895
66,2026-09-25 13:12:06.059,2026-09-25 13:12:08.562,6,0.35,2.503,34.436
67,2026-09-25 13:12:39.219,2026-09-25 13:12:40.721,4,0.2,1.502,33.16
68,2026-09-25 13:13:11.104,2026-09-25 13:13:12.606,4,0.2,1.502,31.885
69,2026-09-25 13:13:43.008,2026-09-25 13:13:47.014,9,0.5,4.006,31.904
70,2026-09-25 13:14:17.454,2026-09-25 13:14:18.956,4,0.2,1.502,34.446
71,2026-09-25 13:14:49.348,2026-09-25 13:14:51.851,6,0.35,2.503,31.894
72,2026-09-25 13:15:22.524,2026-09-25 13:15:24.026,4,0.2,1.502,33.176
73,2026-09-25 13:15:54.415,2026-09-25 13:15:56.918,6,0.35,2.503,31.891
74,2026-09-25 13:16:27.576,2026-09-25 13:16:30.079,6,0.35,2.503,33.161
75,2026-09-25 13:17:00.744,2026-09-25 13:17:02.246,4,0.2,1.502,33.168
76,2026-09-25 13:17:32.634,2026-09-25 13:17:34.137,4,0.2,1.503,31.89
77,2026-09-25 13:18:04.526,2026-09-25 13:18:08.531,9,0.5,4.005,31.892
78,2026-09-25 13:18:38.969,2026-09-25 13:18:40.472,4,0.2,1.503,34.443
79,2026-09-25 13:19:10.873,2026-09-25 13:19:12.375,4,0.2,1.502,31.904
80,2026-09-25 13:19:42.765,2026-09-25 13:19:44.267,4,0.2,1.502,31.892
81,2026-09-25 13:20:14.658,2026-09-25 13:20:16.160,4,0.2,1.502,31.893
82,2026-09-25 13:20:46.564,2026-09-25 13:20:49.067,6,0.35,2.503,31.906
83,2026-09-25 13:21:19.729,2026-09-25 13:21:22.232,6,0.35,2.503,33.165
84,2026-09-25 13:21:52.898,2026-09-25 13:21:56.903,9,0.5,4.005,33.169
85,2026-09-25 13:22:27.334,2026-09-25 13:22:29.838,6,0.35,2.504,34.436
86,2026-09-25 13:23:00.491,2026-09-25 13:23:02.994,6,0.35,2.503,33.157
87,2026-09-25 13:23:33.660,2026-09-25 13:23:35.162,4,0.2,1.502,33.169
88,2026-09-25 13:24:05.558,2026-09-25 13:24:09.565,9,0.5,4.007,31.898
89,2026-09-25 13:24:40.000,2026-09-25 13:24:44.004,9,0.5,4.004,34.442
90,2026-09-25 13:25:14.437,2026-09-25 13:25:15.939,4,0.2,1.502,34.437
91,2026-09-25 13:25:46.342,2026-09-25 13:25:50.347,9,0.5,4.005,31.905
92,2026-09-25 13:26:20.777,2026-09-25 13:26:23.280,6,0.35,2.503,34.435
93,2026-09-25 13:26:53.951,2026-09-25 13:26:56.455,6,0.35,2.504,33.174
94,2026-09-25 13:27:27.128,2026-09-25 13:27:28.630,4,0.2,1.502,33.177
95,2026-09-25 13:27:59.037,2026-09-25 13:28:01.541,6,0.35,2.504,31.909
96,2026-09-25 13:28:32.223,2026-09-25 13:28:34.728,6,0.35,2.505,33.186
97,2026-09-25 13:29:05.383,2026-09-25 13:29:06.884,4,0.2,1.501,33.16
98,2026-09-25 13:29:37.287,2026-09-25 13:29:39.790,6,0.35,2.503,31.904
99,2026-09-25 13:30:10.452,2026-09-25 13:30:11.954,4,0.2,1.502,33.165
100,2026-09-25 13:30:42.342,2026-09-25 13:30:43.844,4,0.2,1.502,31.89
101,2026-09-25 13:31:14.237,2026-09-25 13:31:15.739,4,0.2,1.502,31.895
102,2026-09-25 13:31:46.141,2026-09-25 13:31:50.145,9,0.5,4.004,31.904
103,2026-09-25 13:32:20.578,2026-09-25 13:32:22.080,4,0.2,1.502,34.437
104,2026-09-25 13:32:52.481,2026-09-25 13:32:53.982,4,0.2,1.501,31.903
105,2026-09-25 13:33:24.379,2026-09-25 13:33:25.880,4,0.2,1.501,31.898
106,2026-09-25 13:33:56.270,2026-09-25 13:33:58.773,6,0.35,2.503,31.891
107,2026-09-25 13:34:29.431,2026-09-25 13:34:31.934,6,0.35,2.503,33.161
108,2026-09-25 13:35:02.620,2026-09-25 13:35:04.122,4,0.2,1.502,33.189
109,2026-09-25 13:35:34.525,2026-09-25 13:35:38.531,9,0.5,4.006,31.905
110,2026-09-25 13:36:08.965,2026-09-25 13:36:12.971,9,0.5,4.006,34.44
111,2026-09-25 13:36:43.405,2026-09-25 13:36:44.906,4,0.2,1.501,34.44
112,2026-09-25 13:37:15.297,2026-09-25 13:37:17.801,6,0.35,2.504,31.892
113,2026-09-25 13:37:48.466,2026-09-25 13:37:52.472,9,0.5,4.006,33.169
114,2026-09-25 13:38:22.909,2026-09-25 13:38:24.411,4,0.2,1.502,34.443
115,2026-09-25 13:38:54.798,2026-09-25 13:38:58.804,9,0.5,4.006,31.889
116,2026-09-25 13:39:29.232,2026-09-25 13:39:30.734,4,0.2,1.502,34.434
117,2026-09-25 13:40:01.127,2026-09-25 13:40:03.631,6,0.35,2.504,31.895
118,2026-09-25 13:40:34.295,2026-09-25 13:40:38.301,9,0.5,4.006,33.168
119,2026-09-25 13:41:08.730,2026-09-25 13:41:11.233,6,0.35,2.503,34.435
120,2026-09-25 13:41:41.896,2026-09-25 13:41:43.399,4,0.2,1.503,33.166
121,2026-09-25 13:42:13.798,2026-09-25 13:42:16.301,6,0.35,2.503,31.902
122,2026-09-25 13:42:46.967,2026-09-25 13:42:49.471,6,0.35,2.504,33.169
123,2026-09-25 13:43:20.138,2026-09-25 13:43:21.640,4,0.2,1.502,33.171
124,2026-09-25 13:43:52.036,2026-09-25 13:43:53.538,4,0.2,1.502,31.898
125,2026-09-25 13:44:23.942,2026-09-25 13:44:26.445,6,0.35,2.503,31.906
126,2026-09-25 13:44:57.117,2026-09-25 13:45:01.122,9,0.5,4.005,33.175
127,2026-09-25 13:45:31.614,2026-09-25 13:45:34.117,6,0.35,2.503,34.497
128,2026-09-25 13:46:04.804,2026-09-25 13:46:06.306,4,0.2,1.502,33.19
129,2026-09-25 13:46:36.699,2026-09-25 13:46:38.202,4,0.2,1.503,31.895
130,2026-09-25 13:47:08.616,2026-09-25 13:47:10.118,4,0.2,1.502,31.917
131,2026-09-25 13:47:40.507,2026-09-25 13:47:43.010,6,0.35,2.503,31.891
132,2026-09-25 13:48:13.681,2026-09-25 13:48:17.686,9,0.5,4.005,33.174
133,2026-09-25 13:48:48.116,2026-09-25 13:48:52.123,9,0.5,4.007,34.435
134,2026-09-25 13:49:22.563,2026-09-25 13:49:26.569,9,0.5,4.006,34.447
135,2026-09-25 13:49:57.007,2026-09-25 13:49:58.509,4,0.2,1.502,34.444
136,2026-09-25 13:50:28.898,2026-09-25 13:50:30.402,4,0.2,1.504,31.891
137,2026-09-25 13:51:00.796,2026-09-25 13:51:02.298,4,0.2,1.502,31.898
138,2026-09-25 13:51:32.689,2026-09-25 13:51:34.190,4,0.2,1.501,31.893
139,2026-09-25 13:52:04.596,2026-09-25 13:52:07.099,6,0.35,2.503,31.907
140,2026-09-25 13:52:37.757,2026-09-25 13:52:40.260,6,0.35,2.503,33.161
141,2026-09-25 13:53:10.917,2026-09-25 13:53:12.419,4,0.2,1.502,33.16
142,2026-09-25 13:53:42.807,2026-09-25 13:53:46.812,9,0.5,4.005,31.89
143,2026-09-25 13:54:17.265,2026-09-25 13:54:19.768,6,0.35,2.503,34.458
144,2026-09-25 13:54:50.439,2026-09-25 13:54:52.942,6,0.35,2.503,33.174
145,2026-09-25 13:55:23.605,2026-09-25 13:55:26.108,6,0.35,2.503,33.166
146,2026-09-25 13:55:56.812,2026-09-25 13:55:58.314,4,0.2,1.502,33.207
147,2026-09-25 13:56:28.705,2026-09-25 13:56:30.207,4,0.2,1.502,31.893
148,2026-09-25 13:57:00.613,2026-09-25 13:57:02.115,4,0.2,1.502,31.908
149,2026-09-25 13:57:32.510,2026-09-25 13:57:34.013,4,0.2,1.503,31.897
150,2026-09-25 13:58:04.405,2026-09-25 13:58:08.410,9,0.5,4.005,31.895
151,2026-09-25 13:58:38.842,2026-09-25 13:58:42.847,9,0.5,4.005,34.437
152,2026-09-25 13:59:13.279,2026-09-25 13:59:14.781,4,0.2,1.502,34.437
153,2026-09-25 13:59:45.194,2026-09-25 13:59:46.696,4,0.2,1.502,31.915
154,2026-09-25 14:00:17.086,2026-09-25 14:00:21.091,9,0.5,4.005,31.892
155,2026-09-25 14:00:51.529,2026-09-25 14:00:54.032,6,0.35,2.503,34.443
156,2026-09-25 14:01:24.702,2026-09-25 14:01:27.206,6,0.35,2.504,33.173
157,2026-09-25 14:01:57.880,2026-09-25 14:02:01.885,9,0.5,4.005,33.178
158,2026-09-25 14:02:32.362,2026-09-25 14:02:34.865,6,0.35,2.503,34.482
159,2026-09-25 14:03:05.528,2026-09-25 14:03:07.030,4,0.2,1.502,33.166
160,2026-09-25 14:03:37.429,2026-09-25 14:03:41.435,9,0.5,4.006,31.901
161,2026-09-25 14:04:11.881,2026-09-25 14:04:14.384,6,0.35,2.503,34.452
162,2026-09-25 14:04:45.049,2026-09-25 14:04:49.056,9,0.5,4.007,33.168
163,2026-09-25 14:05:19.499,2026-09-25 14:05:21.001,4,0.2,1.502,34.45
164,2026-09-25 14:05:51.389,2026-09-25 14:05:53.892,6,0.35,2.503,31.89
165,2026-09-25 14:06:24.557,2026-09-25 14:06:26.059,4,0.2,1.502,33.168
166,2026-09-25 14:06:56.446,2026-09-25 14:07:00.454,9,0.5,4.008,31.889
167,2026-09-25 14:07:30.886,2026-09-25 14:07:32.387,4,0.2,1.501,34.44
168,2026-09-25 14:08:02.796,2026-09-25 14:08:05.299,6,0.35,2.503,31.91
169,2026-09-25 14:08:35.957,2026-09-25 14:08:37.459,4,0.2,1.502,33.161
170,2026-09-25 14:09:07.864,2026-09-25 14:09:11.869,9,0.5,4.005,31.907
171,2026-09-25 14:09:42.308,2026-09-25 14:09:43.809,4,0.2,1.501,34.444
172,2026-09-25 14:10:14.199,2026-09-25 14:10:18.204,9,0.5,4.005,31.891
173,2026-09-25 14:10:48.639,2026-09-25 14:10:50.140,4,0.2,1.501,34.44
174,2026-09-25 14:11:20.542,2026-09-25 14:11:22.043,4,0.2,1.501,31.903
175,2026-09-25 14:11:52.429,2026-09-25 14:11:56.434,9,0.5,4.005,31.887
176,2026-09-25 14:12:26.866,2026-09-25 14:12:30.871,9,0.5,4.005,34.437
177,2026-09-25 14:13:01.319,2026-09-25 14:13:05.324,9,0.5,4.005,34.453
178,2026-09-25 14:13:35.753,2026-09-25 14:13:37.255,4,0.2,1.502,34.434
179,2026-09-25 14:14:07.637,2026-09-25 14:14:11.642,9,0.5,4.005,31.884
180,2026-09-25 14:14:42.073,2026-09-25 14:14:44.576,6,0.35,2.503,34.436
181,2026-09-25 14:15:15.267,2026-09-25 14:15:17.771,6,0.35,2.504,33.194
182,2026-09-25 14:15:48.438,2026-09-25 14:15:52.444,9,0.5,4.006,33.171
183,2026-09-25 14:16:22.878,2026-09-25 14:16:24.379,4,0.2,1.501,34.44
184,2026-09-25 14:16:54.769,2026-09-25 14:16:57.272,6,0.35,2.503,31.891
185,2026-09-25 14:17:27.928,2026-09-25 14:17:29.429,4,0.2,1.501,33.159
186,2026-09-25 14:17:59.821,2026-09-25 14:18:01.323,4,0.2,1.502,31.893
187,2026-09-25 14:18:31.719,2026-09-25 14:18:33.221,4,0.2,1.502,31.898
188,2026-09-25 14:19:03.614,2026-09-25 14:19:05.117,4,0.2,1.503,31.895
189,2026-09-25 14:19:35.505,2026-09-25 14:19:39.509,9,0.5,4.004,31.891
190,2026-09-25 14:20:09.944,2026-09-25 14:20:12.446,6,0.35,2.502,34.439
191,2026-09-25 14:20:43.103,2026-09-25 14:20:44.604,4,0.2,1.501,33.159
192,2026-09-25 14:21:14.999,2026-09-25 14:21:19.004,9,0.5,4.005,31.896
193,2026-09-25 14:21:49.438,2026-09-25 14:21:53.443,9,0.5,4.005,34.439
194,2026-09-25 14:22:23.876,2026-09-25 14:22:26.380,6,0.35,2.504,34.438
195,2026-09-25 14:22:57.054,2026-09-25 14:22:59.557,6,0.35,2.503,33.178
196,2026-09-25 14:23:30.226,2026-09-25 14:23:32.729,6,0.35,2.503,33.172
197,2026-09-25 14:24:03.389,2026-09-25 14:24:07.394,9,0.5,4.005,33.163
198,2026-09-25 14:24:37.825,2026-09-25 14:24:40.328,6,0.35,2.503,34.436
199,2026-09-25 14:25:10.985,2026-09-25 14:25:13.488,6,0.35,2.503,33.16
200,2026-09-25 14:25:44.146,2026-09-25 14:25:48.154,9,0.5,4.008,33.161
201,2026-09-25 14:26:18.580,2026-09-25 14:26:20.082,4,0.2,1.502,34.434
202,2026-09-25 14:26:50.478,2026-09-25 14:26:54.483,9,0.5,4.005,31.898
203,2026-09-25 14:27:24.919,2026-09-25 14:27:26.420,4,0.2,1.501,34.441
204,2026-09-25 14:27:56.812,2026-09-25 14:27:58.314,4,0.2,1.502,31.893
205,2026-09-25 14:28:28.706,2026-09-25 14:28:30.209,4,0.2,1.503,31.894
206,2026-09-25 14:29:00.624,2026-09-25 14:29:03.127,6,0.35,2.503,31.918
207,2026-09-25 14:29:33.790,2026-09-25 14:29:37.795,9,0.5,4.005,33.166
208,2026-09-25 14:30:08.232,2026-09-25 14:30:12.237,9,0.5,4.005,34.442
209,2026-09-25 14:30:42.670,2026-09-25 14:30:46.675,9,0.5,4.005,34.438
210,2026-09-25 14:31:17.128,2026-09-25 14:31:21.136,9,0.5,4.008,34.458
211,2026-09-25 14:31:51.576,2026-09-25 14:31:53.078,4,0.2,1.502,34.448
212,2026-09-25 14:32:23.461,2026-09-25 14:32:25.964,6,0.35,2.503,31.885
213,2026-09-25 14:32:56.633,2026-09-25 14:32:58.135,4,0.2,1.502,33.172
214,2026-09-25 14:33:28.525,2026-09-25 14:33:30.027,4,0.2,1.502,31.892
215,2026-09-25 14:34:00.413,2026-09-25 14:34:04.420,9,0.5,4.007,31.888
216,2026-09-25 14:34:34.849,2026-09-25 14:34:36.351,4,0.2,1.502,34.436
217,2026-09-25 14:35:06.744,2026-09-25 14:35:08.246,4,0.2,1.502,31.895
218,2026-09-25 14:35:38.656,2026-09-25 14:35:41.159,6,0.35,2.503,31.912
219,2026-09-25 14:36:11.825,2026-09-25 14:36:14.328,6,0.35,2.503,33.169
220,2026-09-25 14:36:44.993,2026-09-25 14:36:47.496,6,0.35,2.503,33.168
221,2026-09-25 14:37:18.152,2026-09-25 14:37:19.654,4,0.2,1.502,33.159
222,2026-09-25 14:37:50.048,2026-09-25 14:37:51.550,4,0.2,1.502,31.896
