run_id,task,alpha,cap,r,r2,NMSE,NMSE_const,n_test
1,lag1,0.0001,0.21579254038035645,0.46908502581139283,0.22004076144047507,0.7842074596196436,1.0047096864366099,40
1,lag2,100.0,0.12178886058457228,0.44087498035678085,0.19437074830459192,0.8782111394154277,1.0076298524599794,40
1,lag3,10.0,0.09937698798413652,0.34730260675546915,0.12061910065914404,0.9006230120158635,1.0031962204792064,40
1,lag4,10.0,0.11468769225078945,0.41103790515617034,0.1689521594751729,0.8853123077492105,1.0132450223633371,40
1,lag5,0.0001,0.0,0.08016742623437491,0.006426816229043942,1.0482961611186086,1.0238927951075896,40
1,lag6,10.0,0.0,0.17050958629526172,0.029073519018581306,1.0033348215039268,1.0238927951075891,40
1,lag7,0.0001,0.0,0.06423117000285433,0.004125643199935574,1.1164815833729524,1.02696284108176,40
1,lag8,1000.0,0.0,0.31487477006151515,0.09914612082129204,1.015541904221615,1.02696284108176,40
2,lag1,0.0001,0.19977598974782307,0.4633500974331364,0.21469331279129697,0.8002240102521769,1.0047096864366099,40
2,lag2,1.0,0.21621483242258388,0.47044996410717743,0.22132316872844454,0.7837851675774161,1.0076298524599794,40
2,lag3,100.0,0.10613560514288611,0.370018661838178,0.13691381010851592,0.8938643948571139,1.0031962204792064,40
2,lag4,1.0,0.07139423920170251,0.36670396717286113,0.13447179954031482,0.9286057607982975,1.0132450223633371,40
2,lag5,10.0,0.00629706045619105,0.1790163476459498,0.03204685272449556,0.993702939543809,1.0238927951075896,40
2,lag6,1000.0,0.0,0.15232618710283866,0.02320326727728901,1.0095572771734462,1.0238927951075891,40
2,lag7,1.0,0.0,-0.1284957595366487,0.0,1.1173909474088435,1.02696284108176,40
2,lag8,1000.0,0.0,-0.09230307348856828,0.0,1.0359313954899738,1.02696284108176,40
3,lag1,0.0001,0.3058982059571358,0.5632228812534342,0.31722001396742006,0.6941017940428642,1.0047096864366099,40
3,lag2,100.0,0.2139250531061596,0.5072079018764155,0.25725985572587556,0.7860749468938404,1.0076298524599794,40
3,lag3,1000.0,0.052531584674137655,0.2739276748796852,0.07503637106499053,0.9474684153258623,1.0031962204792064,40
3,lag4,1000.0,0.03661379671666931,0.2740629848102231,0.07511051964308858,0.9633862032833307,1.0132450223633371,40
3,lag5,0.0001,0.0,0.1562724637674374,0.024421082931945032,1.0148781420752822,1.0238927951075896,40
3,lag6,1000.0,0.0005432958151957434,0.2145573213578839,0.04603484414827027,0.9994567041848043,1.0238927951075891,40
3,lag7,1.0,0.0,-0.0002352225278279142,0.0,1.0533063774697153,1.02696284108176,40
3,lag8,1000.0,0.0,-0.1863589720225562,0.0,1.0311543970036832,1.02696284108176,40
