test_run,task,alpha,cap,r,r2,NMSE,NMSE_const,n_test
1,lag1,1000.0,0.02353950351414802,0.279231924728264,0.07797046778745091,0.976460496485852,1.0,203
2,lag1,1000.0,0.12928118038125624,0.4688091776923475,0.21978204508857505,0.8707188196187438,1.0,203
3,lag1,1000.0,0.10898400322412849,0.46282052501300436,0.214202838373313,0.8910159967758715,1.0,203
1,lag2,1000.0,0.02124307798573699,0.21167269428263735,0.04480532950487086,0.978756922014263,1.0,203
2,lag2,1000.0,0.07442688697561495,0.35773278537144054,0.12797274572960915,0.925573113024385,1.0,203
3,lag2,1000.0,0.06050727141805812,0.3418098163594993,0.11683395055971464,0.9394927285819419,1.0,203
1,lag3,1000.0,0.020078430679677073,0.14396356496305893,0.020725508036872887,0.9799215693203229,1.0,203
2,lag3,1000.0,0.05168658386585112,0.29749736180007375,0.08850468027800398,0.9483134161341489,1.0,203
3,lag3,1000.0,0.04328738559759149,0.2895261004977421,0.08382536286942864,0.9567126144024085,1.0,203
1,lag4,1000.0,0.013640121702887975,0.11715273989277107,0.013724764464383274,0.986359878297112,1.0,203
2,lag4,1000.0,0.030236951058587924,0.23297813193432415,0.05427880995960735,0.9697630489414121,1.0,203
3,lag4,1000.0,0.021270234285685863,0.1991231247714093,0.03965001881873024,0.9787297657143141,1.0,203
1,lag5,1000.0,0.0,0.021528082281031185,0.0004634583266988489,1.0190221553840693,1.0,203
2,lag5,1000.0,0.01971326209706814,0.22214114381468691,0.04934668777529742,0.9802867379029319,1.0,203
3,lag5,1000.0,0.011190091760315712,0.14897703970763812,0.022194158360051185,0.9888099082396843,1.0,203
1,lag6,1000.0,0.0,-0.023769266650095162,0.0,1.006983739953744,1.0,203
2,lag6,1000.0,0.0017716469781664523,0.12268505839640895,0.015051623553730274,0.9982283530218335,1.0,203
3,lag6,1000.0,0.0015724932013149173,0.0691112267283263,0.0047763616598941235,0.9984275067986851,1.0,203
1,lag7,1000.0,0.0,-0.07959207638906059,0.0,1.0125329716359706,1.0,203
2,lag7,1000.0,0.0,-0.1151791196168539,0.0,1.0026406686459945,1.0,203
3,lag7,1000.0,0.0006226803203467357,0.05020143927726559,0.0025201845055089845,0.9993773196796533,1.0,203
1,lag8,1000.0,0.0,-0.19557220151659777,0.0,1.0157239038609174,1.0,203
2,lag8,1000.0,0.0,-0.04251224995201335,0.0,1.0097355281670595,1.0,203
3,lag8,1000.0,0.0008566280055163356,0.030881103571399792,0.000953642557787521,0.9991433719944837,1.0,203
