lag1,lag2,lag3,lag4,lag5,lag6,lag7,lag8,prod_1_2,prod_1_3,prod_2_3,prod_1_4
-0.0008265609577879177,-0.01609704505581407,-0.023114725480553933,-0.06411931110283271,-0.020365353091040372,-0.024425125733591752,-0.010998154862282913,0.001960496755561203,-0.04751550590295713,0.009209531707092747,-0.039585593733180525,-0.020089348319234885
-0.03838541256815738,-0.028150341709073008,-0.029733302306968284,-0.026040424365623815,-0.10536181729724385,-0.07969519501701794,-0.07348501104145955,-0.035916063251490625,-0.03367613367823904,-0.13180434217132056,-0.003956741537609942,-0.011043184117643415
-0.06714809225470741,-0.048300365615492925,-0.04513941524221532,-0.03838541256815738,-0.028150341709073008,-0.029733302306968284,-0.026040424365623815,-0.10536181729724385,-0.024635202455035293,-0.11347977326712037,-0.011922327617884587,0.0027984907078936936
-0.03838541256815738,-0.028150341709073008,-0.029733302306968284,-0.026040424365623815,-0.10536181729724385,-0.07969519501701794,-0.07348501104145955,-0.035916063251490625,-0.03367613367823904,-0.13180434217132056,-0.003956741537609942,-0.011043184117643415
-0.0767177888855232,-0.03529135358952636,-0.04764526091493856,-0.019796270413354817,-0.01600084479065574,-0.009861065242672051,-0.03957662118199745,0.010231616197159918,-0.004167905342970846,-0.01901206726290357,-0.021480831047310762,-0.036890833632483945
-0.04471560168511601,-0.02211559277936792,-0.05795781067946885,-0.0672446410434225,-0.06170140394649559,-0.04611089837809342,-0.05049281523652346,-0.07934761460141167,-0.053636878442849666,-0.09784621436412373,-0.07629510697078239,-0.01176992022302481
-0.09088461451765524,-0.08485891661159754,-0.08290293416917154,-0.12757973313126278,-0.11602900512089098,-0.1156043774443997,-0.09595331062459334,-0.08743723443184948,-0.026263316369113054,-0.0025237132232044748,-0.04954833258233182,0.0016295172704141603
-0.09505927540299974,-0.08144326234205186,-0.09879690994030248,-0.02591786704535844,-0.04454646438595641,-0.060561085959102444,-0.04250495386047574,-0.011265368129864969,0.006154899103724724,0.013384554827767015,-0.012142998778499411,-0.034788490981723985
-0.007151763032023657,-0.004675391432196492,-0.004043256193401919,0.0027682776795228494,-0.006431839370048357,-0.0013015340814782246,0.0034426902587437005,-0.003371005285069136,-0.03260635128183731,-0.007429022081610596,-0.04938443180137927,-0.06078367021560771
-0.061799744316796135,-0.0767177888855232,-0.03529135358952636,-0.04764526091493856,-0.019796270413354817,-0.01600084479065574,-0.009861065242672051,-0.03957662118199745,-0.01077425288950673,-0.01110136010420352,-0.004167905342970846,-0.01926414191750488
-0.033166327529081295,0.0009692747187569258,-0.012156450807467559,-0.011379611673715595,-0.013277303875359006,-0.05184485838908389,-0.061103258744038914,-0.06699765260212691,-0.06772276003609316,-0.14595100986731913,-0.07350477343738666,-0.00307245726126378
-0.09505927540299974,-0.08144326234205186,-0.09879690994030248,-0.02591786704535844,-0.04454646438595641,-0.060561085959102444,-0.04250495386047574,-0.011265368129864969,0.006154899103724724,0.013384554827767015,-0.012142998778499411,-0.034788490981723985
-0.02591786704535844,-0.04454646438595641,-0.060561085959102444,-0.04250495386047574,-0.011265368129864969,-0.007856007957729375,-0.008471889613614817,-0.013787824023791787,-0.007275153092055213,-0.024016919973196698,-0.023001194688826443,-0.07512178749981586
-0.055606795024194,-0.019503867283893712,-0.014900054587720776,-0.0033184210987818505,-0.0113974660767453,-0.009548561480895742,-0.02262505767688605,-0.013609600066539032,0.0010307609907121613,0.001173424421632337,0.009440184762652515,-0.06361899251006624
-0.05795781067946885,-0.0672446410434225,-0.06170140394649559,-0.04611089837809342,-0.05049281523652346,-0.07934761460141167,-0.08618365512009192,-0.08738380577022402,-0.07072728641600239,-0.07072053465716747,-0.08062574559879872,0.0010986870104539397
-0.015121211876047905,0.0045510644839496335,-0.0035772480612814572,-0.0016782162656847992,-0.007996321517479052,-0.021255348566154852,-0.028669114736040946,-0.026968317485004317,-0.17408341348343156,-0.03900047786637054,-0.11828166838900933,-0.025172262661001216
-0.07213192314213439,-0.08554411422916235,-0.055606795024194,-0.019503867283893712,-0.014900054587720776,-0.0033184210987818505,-0.0113974660767453,-0.009548561480895742,-0.00546012123334368,-0.013178052277981004,-0.00658039712736332,-0.02586572801618951
0.007229043627350477,0.004974652145069092,-0.0020897188873795214,-0.0008265609577879177,-0.01609704505581407,-0.023114725480553933,-0.06411931110283271,-0.020365353091040372,-0.04736685341162509,-0.03490237373053643,-0.04151497235645696,-0.04644445808583083
-0.002692355862508341,-0.007472156846584828,-0.02856248475074759,-0.07213192314213439,-0.08554411422916235,-0.055606795024194,-0.019503867283893712,-0.014900054587720776,-0.02427132436171142,-0.00860454496360119,-0.00033890262599138116,-0.05244310924096355
-0.05184485838908389,-0.061103258744038914,-0.06699765260212691,-0.06499285516645781,-0.08535278143996743,-0.06714809225470741,-0.048300365615492925,-0.04513941524221532,-0.08309600465943401,-0.2593660011270063,-0.11148616484191225,-0.002153008197470404
0.0045510644839496335,-0.0035772480612814572,-0.0016782162656847992,-0.007996321517479052,-0.021255348566154852,-0.028669114736040946,-0.026968317485004317,-0.03329606939785686,-0.11828166838900933,-0.07283493472633795,-0.10244069131621747,-0.007204009641711491
-0.036663950307835126,-0.011792181124721949,-0.04374827577633019,-0.04417941858058683,-0.060838686835787525,-0.05310933578059496,-0.09088461451765524,-0.08485891661159754,-0.004076954509462031,-0.009834065825238639,-0.006831139955937464,-0.001598811931049789
-0.013311343986054602,-0.0016261987514487968,-0.002978487284804765,-0.0012398657218198144,-0.007151763032023657,-0.004675391432196492,-0.004043256193401919,0.0027682776795228494,-0.03811600941682899,-0.004697852034330818,-0.09608299652211579,-0.043390865935871194
-0.11778669857212128,-0.08966741586487958,-0.13978309974491498,-0.1274699729013092,-0.11053807617534583,-0.13348884884139878,-0.1304832478623276,-0.08670024098511749,0.0066624193751333065,-0.0003910175328297738,-0.0014834475134141156,-0.06583511971731155
-0.05221175947669909,-0.0548411445627901,-0.09961576442445981,-0.11209461967036198,-0.13239005519279398,-0.09505927540299974,-0.08144326234205186,-0.09879690994030248,-0.05511410624946075,-0.10829813975078872,-0.05496114996049443,-0.019690584525196158
-0.026040424365623815,-0.10536181729724385,-0.07969519501701794,-0.07348501104145955,-0.035916063251490625,-0.039980691289249824,-0.05151324757177026,-0.060460843388197384,-0.004340784834183653,-0.04122826034022201,-0.006166518521077524,-0.006711954475752939
-0.0016261987514487968,-0.002978487284804765,-0.0012398657218198144,-0.007151763032023657,-0.004675391432196492,-0.004043256193401919,0.0027682776795228494,-0.006431839370048357,-0.09608299652211579,0.0009217095321386962,-0.045264100912462725,-0.05385281228698161
-0.04374827577633019,-0.04417941858058683,-0.060838686835787525,-0.05310933578059496,-0.09088461451765524,-0.08485891661159754,-0.08290293416917154,-0.12757973313126278,-0.05581806951074508,-0.023817988679828428,-0.008015875105717848,-0.0003668304906494872
-0.0035772480612814572,-0.0016782162656847992,-0.007996321517479052,-0.021255348566154852,-0.028669114736040946,-0.026968317485004317,-0.03329606939785686,-0.033166327529081295,-0.10244069131621747,-0.04978180572236757,-0.13267421219231648,-0.011053505564694163
0.0045510644839496335,-0.0035772480612814572,-0.0016782162656847992,-0.007996321517479052,-0.021255348566154852,-0.028669114736040946,-0.026968317485004317,-0.03329606939785686,-0.11828166838900933,-0.07283493472633795,-0.10244069131621747,-0.007204009641711491
-0.05253630293523207,-0.04435443481447199,-0.03925733259473666,-0.05034485615243075,-0.10077895414576754,-0.05632334778118649,-0.10244919654938552,-0.03333993324237964,-0.15484959570288068,-0.12394156044739464,-0.18434518298223393,-0.02719085688931407
-0.09088461451765524,-0.08485891661159754,-0.08290293416917154,-0.12757973313126278,-0.11602900512089098,-0.1156043774443997,-0.09595331062459334,-0.08743723443184948,-0.026263316369113054,-0.0025237132232044748,-0.04954833258233182,0.0016295172704141603
-0.10077895414576754,-0.05632334778118649,-0.10244919654938552,-0.03333993324237964,-0.047838932766919605,-0.10519106399204385,-0.1099488733584258,-0.08723227703681435,-0.136844976973895,-0.07224086977470856,-0.11073618017180957,-0.015030441983058992
-0.013787824023791787,0.0007717997042252511,-0.02590750869539356,-0.06371174203466097,-0.046407572025794895,-0.041802083789138265,-0.0872900465991601,-0.08171866588262085,-0.0203875429945987,-0.015397211488236954,-0.014664513376395702,-0.08639110326213532
-0.13239005519279398,-0.09505927540299974,-0.08144326234205186,-0.09879690994030248,-0.02591786704535844,-0.04454646438595641,-0.060561085959102444,-0.04250495386047574,-0.008329988701137178,-0.029585530448925795,0.006154899103724724,-0.045188551063907255
-0.05632334778118649,-0.10244919654938552,-0.03333993324237964,-0.047838932766919605,-0.10519106399204385,-0.1099488733584258,-0.08723227703681435,-0.06597714218316024,-0.11073618017180957,-0.06318853203010533,-0.133465636283856,-0.010564861654619376
-0.004675391432196492,-0.004043256193401919,0.0027682776795228494,-0.006431839370048357,-0.0013015340814782246,0.0034426902587437005,-0.003371005285069136,-0.0052645893443453344,-0.04938443180137927,0.002861240596410982,-0.029899902313877364,-0.04892169350168311
-0.026968317485004317,-0.03329606939785686,-0.033166327529081295,0.0009692747187569258,-0.012156450807467559,-0.011379611673715595,-0.013277303875359006,-0.05184485838908389,-0.2866541724792951,-0.08439501058930617,-0.12087875237948646,0.0035706655263673857
-0.028150341709073008,-0.029733302306968284,-0.026040424365623815,-0.10536181729724385,-0.07969519501701794,-0.07348501104145955,-0.035916063251490625,-0.039980691289249824,-0.003956741537609942,-0.07812265886878837,-0.019483623762600488,-0.013853946991298346
-0.004091636814720985,-0.015121211876047905,0.0045510644839496335,-0.0035772480612814572,-0.0016782162656847992,-0.007996321517479052,-0.021255348566154852,-0.028669114736040946,-0.2501481041481141,-0.03029314437485649,-0.17408341348343156,-7.687617141675467e-05
-0.05632334778118649,-0.10244919654938552,-0.03333993324237964,-0.047838932766919605,-0.10519106399204385,-0.1099488733584258,-0.08723227703681435,-0.06597714218316024,-0.11073618017180957,-0.06318853203010533,-0.133465636283856,-0.010564861654619376
-0.08723227703681435,-0.06597714218316024,-0.04471560168511601,-0.02211559277936792,-0.05795781067946885,-0.0672446410434225,-0.06170140394649559,-0.04611089837809342,-0.0672867115978099,-0.049423793826531094,-0.07271090140693137,-0.022922845620695576
-0.11602900512089098,-0.1156043774443997,-0.09595331062459334,-0.08743723443184948,-0.09926607829381269,-0.09848938557197269,-0.11254145324931764,-0.09875302389785852,-0.0069897911647931465,0.0021024616521535533,-0.009931266856855489,-0.0020501783976846952
-0.07969519501701794,-0.07348501104145955,-0.035916063251490625,-0.039980691289249824,-0.05151324757177026,-0.060460843388197384,-0.036663950307835126,-0.011792181124721949,-0.005291304225065445,-0.04655937646775499,-0.010084845766691256,-0.007283217909088109
-0.04417941858058683,-0.060838686835787525,-0.05310933578059496,-0.09088461451765524,-0.08485891661159754,-0.08290293416917154,-0.12757973313126278,-0.11602900512089098,-0.008015875105717848,-0.02647828746881727,-0.013129076752094774,-0.0009853738816664552
-0.13348884884139878,-0.1304832478623276,-0.08670024098511749,-0.07101419046896318,-0.061799744316796135,-0.0767177888855232,-0.03529135358952636,-0.04764526091493856,0.000991989246606817,-0.010261873807453137,-0.02209942110671137,-0.049827422097812546
-0.04454646438595641,-0.060561085959102444,-0.04250495386047574,-0.011265368129864969,-0.007856007957729375,-0.008471889613614817,-0.013787824023791787,0.0007717997042252511,-0.023001194688826443,-0.043316911824222336,-0.017573782513825204,-0.05849900876636238
-0.11778669857212128,-0.08966741586487958,-0.13978309974491498,-0.1274699729013092,-0.11053807617534583,-0.13348884884139878,-0.1304832478623276,-0.08670024098511749,0.0066624193751333065,-0.0003910175328297738,-0.0014834475134141156,-0.06583511971731155
-0.04092062861067284,-0.02215841829751238,-0.04552379935669171,-0.04587893519022431,-0.030107177969579995,-0.02663512304208308,-0.048463450225782724,-0.07144795532282104,-0.06493177155740204,-0.032144998145566074,-0.06008976910789402,-0.007124724698587197
-0.021255348566154852,-0.028669114736040946,-0.026968317485004317,-0.03329606939785686,-0.033166327529081295,0.0009692747187569258,-0.012156450807467559,-0.011379611673715595,-0.2146804333812493,-0.09766787942373341,-0.23043208367405402,0.004949017399331068
-0.1099488733584258,-0.08723227703681435,-0.06597714218316024,-0.04471560168511601,-0.02211559277936792,-0.05795781067946885,-0.0672446410434225,-0.06170140394649559,-0.14006802388451245,-0.03225386518680192,-0.0672867115978099,-0.06673911942051973
-0.002692355862508341,-0.007472156846584828,-0.02856248475074759,-0.07213192314213439,-0.08554411422916235,-0.055606795024194,-0.019503867283893712,-0.014900054587720776,-0.02427132436171142,-0.00860454496360119,-0.00033890262599138116,-0.05244310924096355
-0.039980691289249824,-0.05151324757177026,-0.060460843388197384,-0.036663950307835126,-0.011792181124721949,-0.04374827577633019,-0.04417941858058683,-0.060838686835787525,0.00016775103127190474,-0.0031009736197140647,-0.008382694225595047,-0.00452410981482676
-0.048300365615492925,-0.04513941524221532,-0.03838541256815738,-0.028150341709073008,-0.029733302306968284,-0.026040424365623815,-0.10536181729724385,-0.07969519501701794,-0.011922327617884587,-0.13208255728020193,-0.02974890352136546,-0.013689014025019283
-0.04417941858058683,-0.060838686835787525,-0.05310933578059496,-0.09088461451765524,-0.08485891661159754,-0.08290293416917154,-0.12757973313126278,-0.11602900512089098,-0.008015875105717848,-0.02647828746881727,-0.013129076752094774,-0.0009853738816664552
-0.010998154862282913,0.001960496755561203,-0.017126867119895788,0.008566269529467152,-0.01590393629277727,-0.008844648344407827,-0.004091636814720985,-0.015121211876047905,-0.21664411116853977,-0.06188238975825522,-0.09987748105638998,-0.0026904441928082465
-0.0033184210987818505,-0.0113974660767453,-0.009548561480895742,-0.02262505767688605,-0.013609600066539032,-0.015240811062830891,0.009967410166525581,-0.03109986007024264,-0.0167712281270825,0.04479017396701949,-0.030159311087182727,-0.06951324142312328
-0.11778669857212128,-0.08966741586487958,-0.13978309974491498,-0.1274699729013092,-0.11053807617534583,-0.13348884884139878,-0.1304832478623276,-0.08670024098511749,0.0066624193751333065,-0.0003910175328297738,-0.0014834475134141156,-0.06583511971731155
-0.06499285516645781,-0.08535278143996743,-0.06714809225470741,-0.048300365615492925,-0.04513941524221532,-0.03838541256815738,-0.028150341709073008,-0.029733302306968284,-0.04237985052036645,-0.1484066769210298,-0.05693570779847971,0.005728155644784756
-0.011265368129864969,-0.007856007957729375,-0.008471889613614817,-0.013787824023791787,0.0007717997042252511,-0.02590750869539356,-0.06371174203466097,-0.046407572025794895,-0.0475414986603,-0.02164434228067084,-0.02211093717706129,-0.05703321164233873
-0.055606795024194,-0.019503867283893712,-0.014900054587720776,-0.0033184210987818505,-0.0113974660767453,-0.009548561480895742,-0.02262505767688605,-0.013609600066539032,0.0010307609907121613,0.001173424421632337,0.009440184762652515,-0.06361899251006624
-0.028669114736040946,-0.026968317485004317,-0.03329606939785686,-0.033166327529081295,0.0009692747187569258,-0.012156450807467559,-0.011379611673715595,-0.013277303875359006,-0.23043208367405402,-0.09049441403189824,-0.2866541724792951,0.007647722624077202
-0.004675391432196492,-0.004043256193401919,0.0027682776795228494,-0.006431839370048357,-0.0013015340814782246,0.0034426902587437005,-0.003371005285069136,-0.0052645893443453344,-0.04938443180137927,0.002861240596410982,-0.029899902313877364,-0.04892169350168311
-0.012156450807467559,-0.011379611673715595,-0.013277303875359006,-0.05184485838908389,-0.061103258744038914,-0.06699765260212691,-0.06499285516645781,-0.08535278143996743,-0.0635870975136114,-0.1972591301274854,-0.05868905418985267,0.0373122353366524
-0.008844648344407827,-0.004091636814720985,-0.015121211876047905,0.0045510644839496335,-0.0035772480612814572,-0.0016782162656847992,-0.007996321517479052,-0.021255348566154852,-0.2647430217793005,-0.004157717534640115,-0.2501481041481141,-0.01096816354382546
-0.0872900465991601,-0.08171866588262085,-0.09306002082425062,-0.11778669857212128,-0.08966741586487958,-0.13978309974491498,-0.1274699729013092,-0.11053807617534583,-0.0010745435381296724,-0.03809160665451524,-0.04168741878360427,-0.13479595239133482
0.004974652145069092,-0.0020897188873795214,-0.0008265609577879177,-0.01609704505581407,-0.023114725480553933,-0.06411931110283271,-0.020365353091040372,-0.024425125733591752,-0.04151497235645696,-0.006181510945227934,-0.0542614197927318,-0.042155687388068706
-0.08966741586487958,-0.13978309974491498,-0.1274699729013092,-0.11053807617534583,-0.13348884884139878,-0.1304832478623276,-0.08670024098511749,-0.07101419046896318,-0.0014834475134141156,0.0031928081860923183,-0.018506666459581878,-0.05493289854858049
-0.019503867283893712,-0.014900054587720776,-0.0033184210987818505,-0.0113974660767453,-0.009548561480895742,-0.02262505767688605,-0.013609600066539032,-0.015240811062830891,0.009440184762652515,0.001469149417714107,-0.002364972301481657,-0.07036334375160935
-0.0012398657218198144,-0.007151763032023657,-0.004675391432196492,-0.004043256193401919,0.0027682776795228494,-0.006431839370048357,-0.0013015340814782246,0.0034426902587437005,-0.025179698254010674,-0.0004520044397015773,-0.03260635128183731,-0.042264603794551624
-0.08966741586487958,-0.13978309974491498,-0.1274699729013092,-0.11053807617534583,-0.13348884884139878,-0.1304832478623276,-0.08670024098511749,-0.07101419046896318,-0.0014834475134141156,0.0031928081860923183,-0.018506666459581878,-0.05493289854858049
0.0045510644839496335,-0.0035772480612814572,-0.0016782162656847992,-0.007996321517479052,-0.021255348566154852,-0.028669114736040946,-0.026968317485004317,-0.03329606939785686,-0.11828166838900933,-0.07283493472633795,-0.10244069131621747,-0.007204009641711491
-0.11254145324931764,-0.09875302389785852,-0.12331337784092893,-0.05703527440221445,-0.04092062861067284,-0.02215841829751238,-0.04552379935669171,-0.04587893519022431,-0.03599821194192754,-0.028209074355066328,-0.0295780290109177,-0.013126653796457388
-0.12331337784092893,-0.05703527440221445,-0.04092062861067284,-0.02215841829751238,-0.04552379935669171,-0.04587893519022431,-0.030107177969579995,-0.02663512304208308,-0.0325150966520622,-0.03683135418814539,-0.07175301164636427,-0.014584983736281107
-0.010998154862282913,0.001960496755561203,-0.017126867119895788,0.008566269529467152,-0.01590393629277727,-0.008844648344407827,-0.004091636814720985,-0.015121211876047905,-0.21664411116853977,-0.06188238975825522,-0.09987748105638998,-0.0026904441928082465
-0.05703527440221445,-0.04092062861067284,-0.02215841829751238,-0.04552379935669171,-0.04587893519022431,-0.030107177969579995,-0.02663512304208308,-0.048463450225782724,-0.07175301164636427,-0.028614628859504165,-0.06493177155740204,-0.010303540233908818
-0.0767177888855232,-0.03529135358952636,-0.04764526091493856,-0.019796270413354817,-0.01600084479065574,-0.009861065242672051,-0.03957662118199745,0.010231616197159918,-0.004167905342970846,-0.01901206726290357,-0.021480831047310762,-0.036890833632483945
-0.007856007957729375,-0.008471889613614817,-0.013787824023791787,0.0007717997042252511,-0.02590750869539356,-0.06371174203466097,-0.046407572025794895,-0.041802083789138265,-0.02211093717706129,-0.020318303793666354,-0.0068347593031629445,-0.061853007089908894
-0.08554411422916235,-0.055606795024194,-0.019503867283893712,-0.014900054587720776,-0.0033184210987818505,-0.0113974660767453,-0.009548561480895742,-0.02262505767688605,-0.00658039712736332,-0.0010142826761893413,0.0010307609907121613,-0.04562611428581098
-0.036663950307835126,-0.011792181124721949,-0.04374827577633019,-0.04417941858058683,-0.060838686835787525,-0.05310933578059496,-0.09088461451765524,-0.08485891661159754,-0.004076954509462031,-0.009834065825238639,-0.006831139955937464,-0.001598811931049789
-0.0672446410434225,-0.06170140394649559,-0.04611089837809342,-0.05049281523652346,-0.07934761460141167,-0.08618365512009192,-0.08738380577022402,-0.07500878727750011,-0.08062574559879872,-0.09435690971018713,-0.06349774023268069,0.0029828235289199867
-0.060561085959102444,-0.04250495386047574,-0.011265368129864969,-0.007856007957729375,-0.008471889613614817,-0.013787824023791787,0.0007717997042252511,-0.02590750869539356,-0.017573782513825204,-0.07072617251748274,-0.040567882997819917,-0.08533594758576786
0.008566269529467152,-0.01590393629277727,-0.008844648344407827,-0.004091636814720985,-0.015121211876047905,0.0045510644839496335,-0.0035772480612814572,-0.0016782162656847992,-0.08640351017897434,-0.03212593403107444,-0.16145940172920695,-0.05901238244810562
-0.01609704505581407,-0.023114725480553933,-0.06411931110283271,-0.020365353091040372,-0.024425125733591752,-0.010998154862282913,0.001960496755561203,-0.017126867119895788,-0.039585593733180525,-0.007077465670328224,-0.06128990416883906,-0.0026198479731026256
-0.060561085959102444,-0.04250495386047574,-0.011265368129864969,-0.007856007957729375,-0.008471889613614817,-0.013787824023791787,0.0007717997042252511,-0.02590750869539356,-0.017573782513825204,-0.07072617251748274,-0.040567882997819917,-0.08533594758576786
-0.041802083789138265,-0.0872900465991601,-0.08171866588262085,-0.09306002082425062,-0.11778669857212128,-0.08966741586487958,-0.13978309974491498,-0.1274699729013092,0.00020969342977794625,0.0010628228211605102,-0.0010745435381296724,-0.12562197217770973
-0.11778669857212128,-0.08966741586487958,-0.13978309974491498,-0.1274699729013092,-0.11053807617534583,-0.13348884884139878,-0.1304832478623276,-0.08670024098511749,0.0066624193751333065,-0.0003910175328297738,-0.0014834475134141156,-0.06583511971731155
-0.12757973313126278,-0.11602900512089098,-0.1156043774443997,-0.09595331062459334,-0.08743723443184948,-0.09926607829381269,-0.09848938557197269,-0.11254145324931764,0.0019307797886317275,0.009097662663485514,-0.0069897911647931465,0.00020008974360445167
-0.0113974660767453,-0.009548561480895742,-0.02262505767688605,-0.013609600066539032,-0.015240811062830891,0.009967410166525581,-0.03109986007024264,-0.016916523004940398,-0.030159311087182727,0.03348262867594568,-0.03442411332186642,-0.058407935816670774
-0.019503867283893712,-0.014900054587720776,-0.0033184210987818505,-0.0113974660767453,-0.009548561480895742,-0.02262505767688605,-0.013609600066539032,-0.015240811062830891,0.009440184762652515,0.001469149417714107,-0.002364972301481657,-0.07036334375160935
-0.008411969926197601,-0.002692355862508341,-0.007472156846584828,-0.02856248475074759,-0.07213192314213439,-0.08554411422916235,-0.055606795024194,-0.019503867283893712,-0.04499775838640008,-0.0025243490483718065,-0.02427132436171142,-0.03042925229437114
-0.023926832508092504,-0.0733819654626205,-0.013311343986054602,-0.0016261987514487968,-0.002978487284804765,-0.0012398657218198144,-0.007151763032023657,-0.004675391432196492,-0.028412054485122,-0.022671617294029184,-0.024463412123675605,-0.06971256980772582
-0.03925733259473666,-0.05034485615243075,-0.10077895414576754,-0.05632334778118649,-0.10244919654938552,-0.03333993324237964,-0.047838932766919605,-0.10519106399204385,-0.17851600610291185,-0.08060031584943943,-0.1758984614669782,-0.00884212374321521
-0.02211559277936792,-0.05795781067946885,-0.0672446410434225,-0.06170140394649559,-0.04611089837809342,-0.05049281523652346,-0.07934761460141167,-0.08618365512009192,-0.07629510697078239,-0.10663840411605101,-0.07072728641600239,-0.026456854821312437
-0.02211559277936792,-0.05795781067946885,-0.0672446410434225,-0.06170140394649559,-0.04611089837809342,-0.05049281523652346,-0.07934761460141167,-0.08618365512009192,-0.07629510697078239,-0.10663840411605101,-0.07072728641600239,-0.026456854821312437
-0.004043256193401919,0.0027682776795228494,-0.006431839370048357,-0.0013015340814782246,0.0034426902587437005,-0.003371005285069136,-0.0052645893443453344,-0.002330131576066504,-0.029899902313877364,0.004704905798435892,-0.021972224526179713,-0.05181775578237816
-0.008844648344407827,-0.004091636814720985,-0.015121211876047905,0.0045510644839496335,-0.0035772480612814572,-0.0016782162656847992,-0.007996321517479052,-0.021255348566154852,-0.2647430217793005,-0.004157717534640115,-0.2501481041481141,-0.01096816354382546
0.007229043627350477,0.004974652145069092,-0.0020897188873795214,-0.0008265609577879177,-0.01609704505581407,-0.023114725480553933,-0.06411931110283271,-0.020365353091040372,-0.04736685341162509,-0.03490237373053643,-0.04151497235645696,-0.04644445808583083
-0.047838932766919605,-0.10519106399204385,-0.1099488733584258,-0.08723227703681435,-0.06597714218316024,-0.04471560168511601,-0.02211559277936792,-0.05795781067946885,-0.13680870096513523,-0.03771399815949383,-0.12833863630553885,-0.031394103562754405
-0.07348501104145955,-0.035916063251490625,-0.039980691289249824,-0.05151324757177026,-0.060460843388197384,-0.036663950307835126,-0.011792181124721949,-0.04374827577633019,-0.010084845766691256,-0.03393891992520107,-0.008337621250692928,0.0005297828130598573
0.0034426902587437005,-0.003371005285069136,-0.0052645893443453344,-0.002330131576066504,-0.008411969926197601,-0.002692355862508341,-0.007472156846584828,-0.02856248475074759,-0.04072287012364558,-0.02085637588904025,-0.040456490616471275,-0.03780051537967344
-0.1304832478623276,-0.08670024098511749,-0.07101419046896318,-0.061799744316796135,-0.0767177888855232,-0.03529135358952636,-0.04764526091493856,-0.019796270413354817,-0.02209942110671137,-0.04038486029839017,-0.007615728311992642,-0.05695426781000553
0.007229043627350477,0.004974652145069092,-0.0020897188873795214,-0.0008265609577879177,-0.01609704505581407,-0.023114725480553933,-0.06411931110283271,-0.020365353091040372,-0.04736685341162509,-0.03490237373053643,-0.04151497235645696,-0.04644445808583083
-0.028150341709073008,-0.029733302306968284,-0.026040424365623815,-0.10536181729724385,-0.07969519501701794,-0.07348501104145955,-0.035916063251490625,-0.039980691289249824,-0.003956741537609942,-0.07812265886878837,-0.019483623762600488,-0.013853946991298346
-0.08670024098511749,-0.07101419046896318,-0.061799744316796135,-0.0767177888855232,-0.03529135358952636,-0.04764526091493856,-0.019796270413354817,-0.01600084479065574,-0.007615728311992642,-0.0043144823465621025,-0.02006940961822412,-0.11423590584076604
-0.041802083789138265,-0.0872900465991601,-0.08171866588262085,-0.09306002082425062,-0.11778669857212128,-0.08966741586487958,-0.13978309974491498,-0.1274699729013092,0.00020969342977794625,0.0010628228211605102,-0.0010745435381296724,-0.12562197217770973
-0.0733819654626205,-0.013311343986054602,-0.0016261987514487968,-0.002978487284804765,-0.0012398657218198144,-0.007151763032023657,-0.004675391432196492,-0.004043256193401919,-0.024463412123675605,-0.020471389281139896,-0.03811600941682899,-0.029028643932453486
-0.05703527440221445,-0.04092062861067284,-0.02215841829751238,-0.04552379935669171,-0.04587893519022431,-0.030107177969579995,-0.02663512304208308,-0.048463450225782724,-0.07175301164636427,-0.028614628859504165,-0.06493177155740204,-0.010303540233908818
-0.0113974660767453,-0.009548561480895742,-0.02262505767688605,-0.013609600066539032,-0.015240811062830891,0.009967410166525581,-0.03109986007024264,-0.016916523004940398,-0.030159311087182727,0.03348262867594568,-0.03442411332186642,-0.058407935816670774
-0.021255348566154852,-0.028669114736040946,-0.026968317485004317,-0.03329606939785686,-0.033166327529081295,0.0009692747187569258,-0.012156450807467559,-0.011379611673715595,-0.2146804333812493,-0.09766787942373341,-0.23043208367405402,0.004949017399331068
-0.060561085959102444,-0.04250495386047574,-0.011265368129864969,-0.007856007957729375,-0.008471889613614817,-0.013787824023791787,0.0007717997042252511,-0.02590750869539356,-0.017573782513825204,-0.07072617251748274,-0.040567882997819917,-0.08533594758576786
-0.060460843388197384,-0.036663950307835126,-0.011792181124721949,-0.04374827577633019,-0.04417941858058683,-0.060838686835787525,-0.05310933578059496,-0.09088461451765524,0.002304145650446491,-0.0015079578649122756,-0.004076954509462031,-0.007342462074535705
-0.048300365615492925,-0.04513941524221532,-0.03838541256815738,-0.028150341709073008,-0.029733302306968284,-0.026040424365623815,-0.10536181729724385,-0.07969519501701794,-0.011922327617884587,-0.13208255728020193,-0.02974890352136546,-0.013689014025019283
0.004974652145069092,-0.0020897188873795214,-0.0008265609577879177,-0.01609704505581407,-0.023114725480553933,-0.06411931110283271,-0.020365353091040372,-0.024425125733591752,-0.04151497235645696,-0.006181510945227934,-0.0542614197927318,-0.042155687388068706
-0.019503867283893712,-0.014900054587720776,-0.0033184210987818505,-0.0113974660767453,-0.009548561480895742,-0.02262505767688605,-0.013609600066539032,-0.015240811062830891,0.009440184762652515,0.001469149417714107,-0.002364972301481657,-0.07036334375160935
-0.08743723443184948,-0.09926607829381269,-0.09848938557197269,-0.11254145324931764,-0.09875302389785852,-0.12331337784092893,-0.05703527440221445,-0.04092062861067284,-0.01766868487536614,-0.0451842968525508,-0.04758736273883909,-0.026424939128930847
-0.02215841829751238,-0.04552379935669171,-0.04587893519022431,-0.030107177969579995,-0.02663512304208308,-0.048463450225782724,-0.07144795532282104,-0.06561207436174958,-0.06008976910789402,-0.02528010100567224,-0.05884237356570613,-0.023600676867581605
-0.08290293416917154,-0.12757973313126278,-0.11602900512089098,-0.1156043774443997,-0.09595331062459334,-0.08743723443184948,-0.09926607829381269,-0.09848938557197269,-0.0031689174285428243,-0.009729872778569884,0.0019307797886317275,-0.018648273978972247
0.0007717997042252511,-0.02590750869539356,-0.06371174203466097,-0.046407572025794895,-0.041802083789138265,-0.0872900465991601,-0.08171866588262085,-0.09306002082425062,-0.014664513376395702,-0.0371629601572235,-0.023283994123623624,-0.06929802500770525
0.007229043627350477,0.004974652145069092,-0.0020897188873795214,-0.0008265609577879177,-0.01609704505581407,-0.023114725480553933,-0.06411931110283271,-0.020365353091040372,-0.04736685341162509,-0.03490237373053643,-0.04151497235645696,-0.04644445808583083
-0.04454646438595641,-0.060561085959102444,-0.04250495386047574,-0.011265368129864969,-0.007856007957729375,-0.008471889613614817,-0.013787824023791787,0.0007717997042252511,-0.023001194688826443,-0.043316911824222336,-0.017573782513825204,-0.05849900876636238
0.0007717997042252511,-0.02590750869539356,-0.06371174203466097,-0.046407572025794895,-0.041802083789138265,-0.0872900465991601,-0.08171866588262085,-0.09306002082425062,-0.014664513376395702,-0.0371629601572235,-0.023283994123623624,-0.06929802500770525
-0.05034485615243075,-0.10077895414576754,-0.05632334778118649,-0.10244919654938552,-0.03333993324237964,-0.047838932766919605,-0.10519106399204385,-0.1099488733584258,-0.1758984614669782,-0.07883813935293722,-0.136844976973895,-0.011220470804741867
-0.008844648344407827,-0.004091636814720985,-0.015121211876047905,0.0045510644839496335,-0.0035772480612814572,-0.0016782162656847992,-0.007996321517479052,-0.021255348566154852,-0.2647430217793005,-0.004157717534640115,-0.2501481041481141,-0.01096816354382546
-0.002330131576066504,-0.008411969926197601,-0.002692355862508341,-0.007472156846584828,-0.02856248475074759,-0.07213192314213439,-0.08554411422916235,-0.055606795024194,-0.05933564917094528,-0.0013550315118268468,-0.04499775838640008,-0.02268883998264526
-0.007472156846584828,-0.02856248475074759,-0.07213192314213439,-0.08554411422916235,-0.055606795024194,-0.019503867283893712,-0.014900054587720776,-0.0033184210987818505,-0.00033890262599138116,-4.745910351119006e-05,0.002830677461262532,-0.014399840700866159
-0.10077895414576754,-0.05632334778118649,-0.10244919654938552,-0.03333993324237964,-0.047838932766919605,-0.10519106399204385,-0.1099488733584258,-0.08723227703681435,-0.136844976973895,-0.07224086977470856,-0.11073618017180957,-0.015030441983058992
-0.026987562000840033,-0.05253630293523207,-0.04435443481447199,-0.03925733259473666,-0.05034485615243075,-0.10077895414576754,-0.05632334778118649,-0.10244919654938552,-0.11693893606402568,-0.08991005668349479,-0.15484959570288068,-0.015313263669871032
-0.007472156846584828,-0.02856248475074759,-0.07213192314213439,-0.08554411422916235,-0.055606795024194,-0.019503867283893712,-0.014900054587720776,-0.0033184210987818505,-0.00033890262599138116,-4.745910351119006e-05,0.002830677461262532,-0.014399840700866159
-0.0113974660767453,-0.009548561480895742,-0.02262505767688605,-0.013609600066539032,-0.015240811062830891,0.009967410166525581,-0.03109986007024264,-0.016916523004940398,-0.030159311087182727,0.03348262867594568,-0.03442411332186642,-0.058407935816670774
-0.048300365615492925,-0.04513941524221532,-0.03838541256815738,-0.028150341709073008,-0.029733302306968284,-0.026040424365623815,-0.10536181729724385,-0.07969519501701794,-0.011922327617884587,-0.13208255728020193,-0.02974890352136546,-0.013689014025019283
-0.026987562000840033,-0.05253630293523207,-0.04435443481447199,-0.03925733259473666,-0.05034485615243075,-0.10077895414576754,-0.05632334778118649,-0.10244919654938552,-0.11693893606402568,-0.08991005668349479,-0.15484959570288068,-0.015313263669871032
-0.06699765260212691,-0.06499285516645781,-0.08535278143996743,-0.06714809225470741,-0.048300365615492925,-0.04513941524221532,-0.03838541256815738,-0.028150341709073008,-0.06939819740350466,-0.25032316666748816,-0.04237985052036645,-0.0037278330893496894
-0.004675391432196492,-0.004043256193401919,0.0027682776795228494,-0.006431839370048357,-0.0013015340814782246,0.0034426902587437005,-0.003371005285069136,-0.0052645893443453344,-0.04938443180137927,0.002861240596410982,-0.029899902313877364,-0.04892169350168311
-0.05034485615243075,-0.10077895414576754,-0.05632334778118649,-0.10244919654938552,-0.03333993324237964,-0.047838932766919605,-0.10519106399204385,-0.1099488733584258,-0.1758984614669782,-0.07883813935293722,-0.136844976973895,-0.011220470804741867
-0.07934761460141167,-0.08618365512009192,-0.08738380577022402,-0.07500878727750011,-0.05221175947669909,-0.0548411445627901,-0.09961576442445981,-0.11209461967036198,-0.09189518507120804,-0.13368764156960963,-0.08980391841709061,-0.0033954016680288004
-0.007996321517479052,-0.021255348566154852,-0.028669114736040946,-0.026968317485004317,-0.03329606939785686,-0.033166327529081295,0.0009692747187569258,-0.012156450807467559,-0.16828790451718878,-0.08551803910640039,-0.2146804333812493,0.005814678546721426
-0.0767177888855232,-0.03529135358952636,-0.04764526091493856,-0.019796270413354817,-0.01600084479065574,-0.009861065242672051,-0.03957662118199745,0.010231616197159918,-0.004167905342970846,-0.01901206726290357,-0.021480831047310762,-0.036890833632483945
-0.1274699729013092,-0.11053807617534583,-0.13348884884139878,-0.1304832478623276,-0.08670024098511749,-0.07101419046896318,-0.061799744316796135,-0.0767177888855232,-0.0023794210549686148,-0.02073678824435062,0.009898174552435246,-0.09590782399443687
-0.05632334778118649,-0.10244919654938552,-0.03333993324237964,-0.047838932766919605,-0.10519106399204385,-0.1099488733584258,-0.08723227703681435,-0.06597714218316024,-0.11073618017180957,-0.06318853203010533,-0.133465636283856,-0.010564861654619376
-0.04552379935669171,-0.04587893519022431,-0.030107177969579995,-0.02663512304208308,-0.048463450225782724,-0.07144795532282104,-0.06561207436174958,-0.08176534167359284,-0.05884237356570613,-0.010558947901483077,-0.021052106632095224,-0.03814432846653607
-0.07348501104145955,-0.035916063251490625,-0.039980691289249824,-0.05151324757177026,-0.060460843388197384,-0.036663950307835126,-0.011792181124721949,-0.04374827577633019,-0.010084845766691256,-0.03393891992520107,-0.008337621250692928,0.0005297828130598573
-0.036663950307835126,-0.011792181124721949,-0.04374827577633019,-0.04417941858058683,-0.060838686835787525,-0.05310933578059496,-0.09088461451765524,-0.08485891661159754,-0.004076954509462031,-0.009834065825238639,-0.006831139955937464,-0.001598811931049789
-0.11254145324931764,-0.09875302389785852,-0.12331337784092893,-0.05703527440221445,-0.04092062861067284,-0.02215841829751238,-0.04552379935669171,-0.04587893519022431,-0.03599821194192754,-0.028209074355066328,-0.0295780290109177,-0.013126653796457388
-0.04417941858058683,-0.060838686835787525,-0.05310933578059496,-0.09088461451765524,-0.08485891661159754,-0.08290293416917154,-0.12757973313126278,-0.11602900512089098,-0.008015875105717848,-0.02647828746881727,-0.013129076752094774,-0.0009853738816664552
-0.13978309974491498,-0.1274699729013092,-0.11053807617534583,-0.13348884884139878,-0.1304832478623276,-0.08670024098511749,-0.07101419046896318,-0.061799744316796135,-0.018506666459581878,-0.03364577944875694,-0.0023794210549686148,-0.07760059840156781
-0.007472156846584828,-0.02856248475074759,-0.07213192314213439,-0.08554411422916235,-0.055606795024194,-0.019503867283893712,-0.014900054587720776,-0.0033184210987818505,-0.00033890262599138116,-4.745910351119006e-05,0.002830677461262532,-0.014399840700866159
-0.06170140394649559,-0.04611089837809342,-0.05049281523652346,-0.07934761460141167,-0.08618365512009192,-0.08738380577022402,-0.07500878727750011,-0.05221175947669909,-0.06349774023268069,-0.08629333036816189,-0.06913812749605075,0.0027382027105253837
-0.09961576442445981,-0.11209461967036198,-0.13239005519279398,-0.09505927540299974,-0.08144326234205186,-0.09879690994030248,-0.02591786704535844,-0.04454646438595641,-0.03621532354324349,-0.049959957005283474,-0.016420970041893728,-0.02255164017992765
-0.023926832508092504,-0.0733819654626205,-0.013311343986054602,-0.0016261987514487968,-0.002978487284804765,-0.0012398657218198144,-0.007151763032023657,-0.004675391432196492,-0.028412054485122,-0.022671617294029184,-0.024463412123675605,-0.06971256980772582
-0.008411969926197601,-0.002692355862508341,-0.007472156846584828,-0.02856248475074759,-0.07213192314213439,-0.08554411422916235,-0.055606795024194,-0.019503867283893712,-0.04499775838640008,-0.0025243490483718065,-0.02427132436171142,-0.03042925229437114
-0.006431839370048357,-0.0013015340814782246,0.0034426902587437005,-0.003371005285069136,-0.0052645893443453344,-0.002330131576066504,-0.008411969926197601,-0.002692355862508341,-0.04646294369900006,-0.010880147376880589,-0.033034143874691356,-0.055874178321790945
-0.014900054587720776,-0.0033184210987818505,-0.0113974660767453,-0.009548561480895742,-0.02262505767688605,-0.013609600066539032,-0.015240811062830891,0.009967410166525581,-0.002364972301481657,0.005524008192686207,-0.0167712281270825,-0.07490947596133735
-0.05703527440221445,-0.04092062861067284,-0.02215841829751238,-0.04552379935669171,-0.04587893519022431,-0.030107177969579995,-0.02663512304208308,-0.048463450225782724,-0.07175301164636427,-0.028614628859504165,-0.06493177155740204,-0.010303540233908818
-0.07348501104145955,-0.035916063251490625,-0.039980691289249824,-0.05151324757177026,-0.060460843388197384,-0.036663950307835126,-0.011792181124721949,-0.04374827577633019,-0.010084845766691256,-0.03393891992520107,-0.008337621250692928,0.0005297828130598573
-0.0113974660767453,-0.009548561480895742,-0.02262505767688605,-0.013609600066539032,-0.015240811062830891,0.009967410166525581,-0.03109986007024264,-0.016916523004940398,-0.030159311087182727,0.03348262867594568,-0.03442411332186642,-0.058407935816670774
-0.08554411422916235,-0.055606795024194,-0.019503867283893712,-0.014900054587720776,-0.0033184210987818505,-0.0113974660767453,-0.009548561480895742,-0.02262505767688605,-0.00658039712736332,-0.0010142826761893413,0.0010307609907121613,-0.04562611428581098
-0.0035772480612814572,-0.0016782162656847992,-0.007996321517479052,-0.021255348566154852,-0.028669114736040946,-0.026968317485004317,-0.03329606939785686,-0.033166327529081295,-0.10244069131621747,-0.04978180572236757,-0.13267421219231648,-0.011053505564694163
0.0045510644839496335,-0.0035772480612814572,-0.0016782162656847992,-0.007996321517479052,-0.021255348566154852,-0.028669114736040946,-0.026968317485004317,-0.03329606939785686,-0.11828166838900933,-0.07283493472633795,-0.10244069131621747,-0.007204009641711491
-0.0016261987514487968,-0.002978487284804765,-0.0012398657218198144,-0.007151763032023657,-0.004675391432196492,-0.004043256193401919,0.0027682776795228494,-0.006431839370048357,-0.09608299652211579,0.0009217095321386962,-0.045264100912462725,-0.05385281228698161
-0.0672446410434225,-0.06170140394649559,-0.04611089837809342,-0.05049281523652346,-0.07934761460141167,-0.08618365512009192,-0.08738380577022402,-0.07500878727750011,-0.08062574559879872,-0.09435690971018713,-0.06349774023268069,0.0029828235289199867
-0.02590750869539356,-0.06371174203466097,-0.046407572025794895,-0.041802083789138265,-0.0872900465991601,-0.08171866588262085,-0.09306002082425062,-0.11778669857212128,-0.023283994123623624,-0.010629178775992601,-0.0270900952309349,-0.0947884558971425
-0.03109986007024264,-0.016916523004940398,-0.022067473968685247,-0.026987562000840033,-0.05253630293523207,-0.04435443481447199,-0.03925733259473666,-0.05034485615243075,-0.06558979906982139,-0.051863601343010934,-0.11163714981363415,-0.04933893327744343
-0.09088461451765524,-0.08485891661159754,-0.08290293416917154,-0.12757973313126278,-0.11602900512089098,-0.1156043774443997,-0.09595331062459334,-0.08743723443184948,-0.026263316369113054,-0.0025237132232044748,-0.04954833258233182,0.0016295172704141603
0.0045510644839496335,-0.0035772480612814572,-0.0016782162656847992,-0.007996321517479052,-0.021255348566154852,-0.028669114736040946,-0.026968317485004317,-0.03329606939785686,-0.11828166838900933,-0.07283493472633795,-0.10244069131621747,-0.007204009641711491
-0.060838686835787525,-0.05310933578059496,-0.09088461451765524,-0.08485891661159754,-0.08290293416917154,-0.12757973313126278,-0.11602900512089098,-0.1156043774443997,-0.013129076752094774,-0.0036756921910903553,-0.02622568467221768,-0.003269163690574025
-0.01590393629277727,-0.008844648344407827,-0.004091636814720985,-0.015121211876047905,0.0045510644839496335,-0.0035772480612814572,-0.0016782162656847992,-0.007996321517479052,-0.16145940172920695,-0.051223879499720626,-0.2647430217793005,-0.028838366174101553
-0.0008265609577879177,-0.01609704505581407,-0.023114725480553933,-0.06411931110283271,-0.020365353091040372,-0.024425125733591752,-0.010998154862282913,0.001960496755561203,-0.04751550590295713,0.009209531707092747,-0.039585593733180525,-0.020089348319234885
-0.01590393629277727,-0.008844648344407827,-0.004091636814720985,-0.015121211876047905,0.0045510644839496335,-0.0035772480612814572,-0.0016782162656847992,-0.007996321517479052,-0.16145940172920695,-0.051223879499720626,-0.2647430217793005,-0.028838366174101553
-0.019796270413354817,-0.01600084479065574,-0.009861065242672051,-0.03957662118199745,0.010231616197159918,0.007229043627350477,0.004974652145069092,-0.0020897188873795214,-0.030467271890232645,-0.015764904331971346,-0.02642915713170953,-0.042105839106777156
-0.047838932766919605,-0.10519106399204385,-0.1099488733584258,-0.08723227703681435,-0.06597714218316024,-0.04471560168511601,-0.02211559277936792,-0.05795781067946885,-0.13680870096513523,-0.03771399815949383,-0.12833863630553885,-0.031394103562754405
-0.061799744316796135,-0.0767177888855232,-0.03529135358952636,-0.04764526091493856,-0.019796270413354817,-0.01600084479065574,-0.009861065242672051,-0.03957662118199745,-0.01077425288950673,-0.01110136010420352,-0.004167905342970846,-0.01926414191750488
-0.0016261987514487968,-0.002978487284804765,-0.0012398657218198144,-0.007151763032023657,-0.004675391432196492,-0.004043256193401919,0.0027682776795228494,-0.006431839370048357,-0.09608299652211579,0.0009217095321386962,-0.045264100912462725,-0.05385281228698161
-0.04454646438595641,-0.060561085959102444,-0.04250495386047574,-0.011265368129864969,-0.007856007957729375,-0.008471889613614817,-0.013787824023791787,0.0007717997042252511,-0.023001194688826443,-0.043316911824222336,-0.017573782513825204,-0.05849900876636238
-0.015240811062830891,0.009967410166525581,-0.03109986007024264,-0.016916523004940398,-0.022067473968685247,-0.026987562000840033,-0.05253630293523207,-0.04435443481447199,-0.05994680828708924,-0.026446712082670205,-0.06439680338747474,-0.0436709834753762
-0.11209461967036198,-0.13239005519279398,-0.09505927540299974,-0.08144326234205186,-0.09879690994030248,-0.02591786704535844,-0.04454646438595641,-0.060561085959102444,-0.016420970041893728,-0.0567751690319119,-0.008329988701137178,-0.021412418184798037
-0.0113974660767453,-0.009548561480895742,-0.02262505767688605,-0.013609600066539032,-0.015240811062830891,0.009967410166525581,-0.03109986007024264,-0.016916523004940398,-0.030159311087182727,0.03348262867594568,-0.03442411332186642,-0.058407935816670774
-0.007472156846584828,-0.02856248475074759,-0.07213192314213439,-0.08554411422916235,-0.055606795024194,-0.019503867283893712,-0.014900054587720776,-0.0033184210987818505,-0.00033890262599138116,-4.745910351119006e-05,0.002830677461262532,-0.014399840700866159
-0.07934761460141167,-0.08618365512009192,-0.08738380577022402,-0.07500878727750011,-0.05221175947669909,-0.0548411445627901,-0.09961576442445981,-0.11209461967036198,-0.09189518507120804,-0.13368764156960963,-0.08980391841709061,-0.0033954016680288004
-0.007996321517479052,-0.021255348566154852,-0.028669114736040946,-0.026968317485004317,-0.03329606939785686,-0.033166327529081295,0.0009692747187569258,-0.012156450807467559,-0.16828790451718878,-0.08551803910640039,-0.2146804333812493,0.005814678546721426
-0.10519106399204385,-0.1099488733584258,-0.08723227703681435,-0.06597714218316024,-0.04471560168511601,-0.02211559277936792,-0.05795781067946885,-0.0672446410434225,-0.12833863630553885,-0.025788353627306915,-0.14006802388451245,-0.0007029728124180457
-0.0020897188873795214,-0.0008265609577879177,-0.01609704505581407,-0.023114725480553933,-0.06411931110283271,-0.020365353091040372,-0.024425125733591752,-0.010998154862282913,-0.0542614197927318,-0.0011442725767893958,-0.04751550590295713,-0.02492856958158914
-0.04417941858058683,-0.060838686835787525,-0.05310933578059496,-0.09088461451765524,-0.08485891661159754,-0.08290293416917154,-0.12757973313126278,-0.11602900512089098,-0.008015875105717848,-0.02647828746881727,-0.013129076752094774,-0.0009853738816664552
-0.05184485838908389,-0.061103258744038914,-0.06699765260212691,-0.06499285516645781,-0.08535278143996743,-0.06714809225470741,-0.048300365615492925,-0.04513941524221532,-0.08309600465943401,-0.2593660011270063,-0.11148616484191225,-0.002153008197470404
-0.003371005285069136,-0.0052645893443453344,-0.002330131576066504,-0.008411969926197601,-0.002692355862508341,-0.007472156846584828,-0.02856248475074759,-0.07213192314213439,-0.040456490616471275,-0.001543624673021086,-0.0684078547772972,-0.03619766749079134
-0.02215841829751238,-0.04552379935669171,-0.04587893519022431,-0.030107177969579995,-0.02663512304208308,-0.048463450225782724,-0.07144795532282104,-0.06561207436174958,-0.06008976910789402,-0.02528010100567224,-0.05884237356570613,-0.023600676867581605
-0.0548411445627901,-0.09961576442445981,-0.11209461967036198,-0.13239005519279398,-0.09505927540299974,-0.08144326234205186,-0.09879690994030248,-0.02591786704535844,-0.05496114996049443,-0.053961600220963524,-0.03621532354324349,-0.036071757938626194
-0.016916523004940398,-0.022067473968685247,-0.026987562000840033,-0.05253630293523207,-0.04435443481447199,-0.03925733259473666,-0.05034485615243075,-0.10077895414576754,-0.11163714981363415,-0.04916455701011838,-0.13592177262817998,-0.034249333229801136
-0.07934761460141167,-0.08618365512009192,-0.08738380577022402,-0.07500878727750011,-0.05221175947669909,-0.0548411445627901,-0.09961576442445981,-0.11209461967036198,-0.09189518507120804,-0.13368764156960963,-0.08980391841709061,-0.0033954016680288004
-0.05034485615243075,-0.10077895414576754,-0.05632334778118649,-0.10244919654938552,-0.03333993324237964,-0.047838932766919605,-0.10519106399204385,-0.1099488733584258,-0.1758984614669782,-0.07883813935293722,-0.136844976973895,-0.011220470804741867
-0.09595331062459334,-0.08743723443184948,-0.09926607829381269,-0.09848938557197269,-0.11254145324931764,-0.09875302389785852,-0.12331337784092893,-0.05703527440221445,-0.01990412864714582,-0.02708207085261109,-0.01766868487536614,-0.028399927684338078
-0.004091636814720985,-0.015121211876047905,0.0045510644839496335,-0.0035772480612814572,-0.0016782162656847992,-0.007996321517479052,-0.021255348566154852,-0.028669114736040946,-0.2501481041481141,-0.03029314437485649,-0.17408341348343156,-7.687617141675467e-05
-0.08966741586487958,-0.13978309974491498,-0.1274699729013092,-0.11053807617534583,-0.13348884884139878,-0.1304832478623276,-0.08670024098511749,-0.07101419046896318,-0.0014834475134141156,0.0031928081860923183,-0.018506666459581878,-0.05493289854858049
-0.11254145324931764,-0.09875302389785852,-0.12331337784092893,-0.05703527440221445,-0.04092062861067284,-0.02215841829751238,-0.04552379935669171,-0.04587893519022431,-0.03599821194192754,-0.028209074355066328,-0.0295780290109177,-0.013126653796457388
-0.007472156846584828,-0.02856248475074759,-0.07213192314213439,-0.08554411422916235,-0.055606795024194,-0.019503867283893712,-0.014900054587720776,-0.0033184210987818505,-0.00033890262599138116,-4.745910351119006e-05,0.002830677461262532,-0.014399840700866159
-0.02262505767688605,-0.013609600066539032,-0.015240811062830891,0.009967410166525581,-0.03109986007024264,-0.016916523004940398,-0.022067473968685247,-0.026987562000840033,-0.02466652414204636,-0.007372629177690548,-0.04130880632219661,-0.021245022643751943
-0.12757973313126278,-0.11602900512089098,-0.1156043774443997,-0.09595331062459334,-0.08743723443184948,-0.09926607829381269,-0.09848938557197269,-0.11254145324931764,0.0019307797886317275,0.009097662663485514,-0.0069897911647931465,0.00020008974360445167
-0.11254145324931764,-0.09875302389785852,-0.12331337784092893,-0.05703527440221445,-0.04092062861067284,-0.02215841829751238,-0.04552379935669171,-0.04587893519022431,-0.03599821194192754,-0.028209074355066328,-0.0295780290109177,-0.013126653796457388
-0.023114725480553933,-0.06411931110283271,-0.020365353091040372,-0.024425125733591752,-0.010998154862282913,0.001960496755561203,-0.017126867119895788,0.008566269529467152,-0.06128990416883906,-0.01818918995911778,-0.03436464386630863,-0.0018188956309233746
-0.05221175947669909,-0.0548411445627901,-0.09961576442445981,-0.11209461967036198,-0.13239005519279398,-0.09505927540299974,-0.08144326234205186,-0.09879690994030248,-0.05511410624946075,-0.10829813975078872,-0.05496114996049443,-0.019690584525196158
