task,n_runs,cap_mean,cap_sd,cap_sem,skill_mean,r_mean,r2_mean,NMSE_mean,NMSE_const_mean,alpha,n_test_each,cap_oracle_1state,cap_noisy_1state,null_mean,null_p95,null_skill_p95,p_perm,p_BH
lag1,3,0.2214305702802076,0.061984274907961996,0.035786637803635626,0.2214305702802076,0.48297542815250366,0.23682414172051972,0.7785694297197924,1.0047096864366099,1.0,40,0.41269375955152504,0.103820537284587,0.0012364592630965435,0.00888559317106489,0.0045510644839496335,0.004975124378109453,0.014925373134328358
lag2,3,0.21785471076130228,0.03374119380019765,0.019480487323323446,0.21785471076130228,0.5076568628077238,0.258757228419601,0.7821452892386977,1.0076298524599796,0.0001,40,0.26060428512240674,0.06829555982522378,0.0012335691904636248,0.010550534437038203,0.0007816734549518315,0.004975124378109453,0.014925373134328358
lag3,3,0.10632754945999341,0.021181171756721465,0.012228955215494837,0.10632754945999341,0.34547507600527777,0.12088543468497072,0.8936724505400067,1.0031962204792064,1.0,40,0.17679388404314067,0.04801329652264793,0.0007775679119953799,0.003930346816626003,-0.0012398657218198144,0.004975124378109453,0.014925373134328358
lag4,3,0.08297486908939448,0.02289811446361744,0.013220232549504394,0.08297486908939448,0.34272169722275697,0.11986097516342,0.9170251309106056,1.0132450223633371,1.0,40,0.039482487078850936,0.01464242440308502,0.0006496661199690729,0.005222953833513301,-0.0008265609577879177,0.004975124378109453,0.014925373134328358
lag5,3,0.001334719386117696,0.0023118017906029915,0.001334719386117696,-0.03775062887030389,0.0732853033602283,0.011294899258952754,1.037750628870304,1.0238927951075896,0.1,40,0.0,0.0013254291623797838,0.0006663254540221958,0.004391487307382315,-0.0013015340814782246,0.4975124378109453,0.6633499170812605
lag6,3,0.0,0.0,0.0,-0.013220963302000621,0.14239555469236495,0.024315175424504915,1.0132209633020006,1.0238927951075891,1000.0,40,0.0,0.0,0.0007594823134761977,0.005046989849515793,0.0020346064307203027,0.2537313432835821,0.5074626865671642
lag7,3,0.0,0.0,0.0,-0.08905432587162083,-0.15668407215998414,0.0,1.089054325871621,1.02696284108176,1.0,40,0.0,0.0,0.0006511061024370696,0.004008782853217028,0.0007717997042252511,0.8159203980099502,0.8159203980099502
lag8,3,0.0,0.0,0.0,-0.026049130163956418,0.13734776517020783,0.0349185933658878,1.0260491301639565,1.02696284108176,1000.0,40,0.0,0.0,0.0006803660151686725,0.004008782853217028,0.0007717997042252511,0.39303482587064675,0.5895522388059702
prod_1_2,3,0.0,0.0,0.0,-0.05653363088931399,0.09871081404419374,0.016220331332616217,1.056533630889314,1.0166392294717337,1.0,40,0.0,0.006921027958832278,0.0013950702520597975,0.009542278746747927,0.0019494480817224592,0.6517412935323383,0.7109905020352781
prod_1_3,3,0.004151976288265062,0.003634203494620947,0.0020982083659092823,0.002947619119339532,0.056659762630560544,0.00484985873200545,0.9970523808806604,1.0005419940275562,10.0,40,0.0,0.002312815211364616,0.0024690051460137604,0.009903171923299802,0.009103256115665873,0.08955223880597014,0.21492537313432836
prod_2_3,3,0.0002014292974778694,0.0003488857773645753,0.0002014292974778694,-0.053281550828397216,0.03426162152913275,0.014316709338359579,1.0532815508283973,1.0104938661124776,1.0,40,0.0,0.0016808578281970207,0.0011998471744430563,0.009440184762652515,0.0010757619306081244,0.6368159203980099,0.7109905020352781
prod_1_4,3,0.01714106904460237,0.029689202481297413,0.01714106904460237,-0.010540105308579592,0.08637923114156075,0.053920885880718916,1.0105401053085796,1.0095077028890265,0.1,40,0.0,0.0009166732347726137,0.0009588937782805374,0.0056876548166676045,0.0028077073489450053,0.29850746268656714,0.5117270788912579
