start_time,end_time,n_subdoses,volume_raw,dur_sec,interval_sec,symbol,snap_err,slot,run_id
2026-09-25 06:51:38.138,2026-09-25 06:51:40.670,6,0.35,2.532,,0.35,0.0,0,1
2026-09-25 06:52:11.325,2026-09-25 06:52:15.330,9,0.5,4.005,33.187,0.5,0.0,1,1
2026-09-25 06:52:45.767,2026-09-25 06:52:48.270,6,0.35,2.503,34.442,0.35,0.0,2,1
2026-09-25 06:53:18.935,2026-09-25 06:53:21.438,6,0.35,2.503,33.168,0.35,0.0,3,1
2026-09-25 06:53:52.105,2026-09-25 06:53:56.111,9,0.5,4.006,33.17,0.5,0.0,4,1
2026-09-25 06:54:26.542,2026-09-25 06:54:30.547,9,0.5,4.005,34.437,0.5,0.0,5,1
2026-09-25 06:55:00.976,2026-09-25 06:55:02.477,4,0.2,1.501,34.434,0.2,0.0,6,1
2026-09-25 06:55:32.877,2026-09-25 06:55:34.379,4,0.2,1.502,31.901,0.2,0.0,7,1
2026-09-25 06:56:04.771,2026-09-25 06:56:08.776,9,0.5,4.005,31.894,0.5,0.0,8,1
2026-09-25 06:56:39.204,2026-09-25 06:56:41.707,6,0.35,2.503,34.433,0.35,0.0,9,1
2026-09-25 06:57:12.370,2026-09-25 06:57:16.375,9,0.5,4.005,33.166,0.5,0.0,10,1
2026-09-25 06:57:46.805,2026-09-25 06:57:50.810,9,0.5,4.005,34.435,0.5,0.0,11,1
2026-09-25 06:58:21.244,2026-09-25 06:58:22.746,4,0.2,1.502,34.439,0.2,0.0,12,1
2026-09-25 06:58:53.155,2026-09-25 06:58:54.657,4,0.2,1.502,31.911,0.2,0.0,13,1
2026-09-25 06:59:25.049,2026-09-25 06:59:27.552,6,0.35,2.503,31.894,0.35,0.0,14,1
2026-09-25 06:59:58.218,2026-09-25 07:00:00.721,6,0.35,2.503,33.169,0.35,0.0,15,1
2026-09-25 07:00:31.381,2026-09-25 07:00:32.883,4,0.2,1.502,33.163,0.2,0.0,16,1
2026-09-25 07:01:03.282,2026-09-25 07:01:04.784,4,0.2,1.502,31.901,0.2,0.0,17,1
2026-09-25 07:01:35.188,2026-09-25 07:01:39.193,9,0.5,4.005,31.906,0.5,0.0,18,1
2026-09-25 07:02:09.632,2026-09-25 07:02:13.637,9,0.5,4.005,34.444,0.5,0.0,19,1
2026-09-25 07:02:44.074,2026-09-25 07:02:48.079,9,0.5,4.005,34.442,0.5,0.0,20,1
2026-09-25 07:03:18.512,2026-09-25 07:03:20.014,4,0.2,1.502,34.438,0.2,0.0,21,1
2026-09-25 07:03:50.407,2026-09-25 07:03:54.412,9,0.5,4.005,31.895,0.5,0.0,22,1
2026-09-25 07:04:24.844,2026-09-25 07:04:27.348,6,0.35,2.504,34.437,0.35,0.0,23,1
2026-09-25 07:04:58.012,2026-09-25 07:05:00.515,6,0.35,2.503,33.168,0.35,0.0,24,1
2026-09-25 07:05:31.180,2026-09-25 07:05:35.186,9,0.5,4.006,33.168,0.5,0.0,25,1
2026-09-25 07:06:05.617,2026-09-25 07:06:09.622,9,0.5,4.005,34.437,0.5,0.0,26,1
2026-09-25 07:06:40.061,2026-09-25 07:06:44.066,9,0.5,4.005,34.444,0.5,0.0,27,1
2026-09-25 07:07:14.498,2026-09-25 07:07:18.504,9,0.5,4.006,34.437,0.5,0.0,28,1
2026-09-25 07:07:48.932,2026-09-25 07:07:50.433,4,0.2,1.501,34.434,0.2,0.0,29,1
2026-09-25 07:08:20.827,2026-09-25 07:08:24.833,9,0.5,4.006,31.895,0.5,0.0,30,1
2026-09-25 07:08:55.262,2026-09-25 07:08:56.764,4,0.2,1.502,34.435,0.2,0.0,31,1
2026-09-25 07:09:27.152,2026-09-25 07:09:31.157,9,0.5,4.005,31.89,0.5,0.0,32,1
2026-09-25 07:10:01.600,2026-09-25 07:10:03.102,4,0.2,1.502,34.448,0.2,0.0,33,1
2026-09-25 07:10:33.487,2026-09-25 07:10:34.990,4,0.2,1.503,31.887,0.2,0.0,34,1
2026-09-25 07:11:05.381,2026-09-25 07:11:06.883,4,0.2,1.502,31.894,0.2,0.0,35,1
2026-09-25 07:11:37.281,2026-09-25 07:11:38.783,4,0.2,1.502,31.9,0.2,0.0,36,1
2026-09-25 07:12:09.178,2026-09-25 07:12:10.680,4,0.2,1.502,31.897,0.2,0.0,37,1
2026-09-25 07:12:41.074,2026-09-25 07:12:45.080,9,0.5,4.006,31.896,0.5,0.0,38,1
2026-09-25 07:13:15.512,2026-09-25 07:13:17.013,4,0.2,1.501,34.438,0.2,0.0,39,1
2026-09-25 07:13:47.407,2026-09-25 07:13:49.910,6,0.35,2.503,31.895,0.35,0.0,40,1
2026-09-25 07:14:20.568,2026-09-25 07:14:23.071,6,0.35,2.503,33.161,0.35,0.0,41,1
2026-09-25 07:14:53.729,2026-09-25 07:14:56.232,6,0.35,2.503,33.161,0.35,0.0,42,1
2026-09-25 07:15:26.921,2026-09-25 07:15:30.926,9,0.5,4.005,33.192,0.5,0.0,43,1
2026-09-25 07:16:01.366,2026-09-25 07:16:02.868,4,0.2,1.502,34.445,0.2,0.0,44,1
2026-09-25 07:16:33.253,2026-09-25 07:16:37.258,9,0.5,4.005,31.887,0.5,0.0,45,1
2026-09-25 07:17:07.689,2026-09-25 07:17:09.191,4,0.2,1.502,34.436,0.2,0.0,46,1
2026-09-25 07:17:39.593,2026-09-25 07:17:43.599,9,0.5,4.006,31.904,0.5,0.0,47,1
2026-09-25 07:18:14.030,2026-09-25 07:18:16.534,6,0.35,2.504,34.437,0.35,0.0,48,1
2026-09-25 07:18:47.224,2026-09-25 07:18:49.727,6,0.35,2.503,33.194,0.35,0.0,49,1
2026-09-25 07:19:20.384,2026-09-25 07:19:21.885,4,0.2,1.501,33.16,0.2,0.0,50,1
2026-09-25 07:19:52.293,2026-09-25 07:19:56.299,9,0.5,4.006,31.909,0.5,0.0,51,1
2026-09-25 07:20:26.735,2026-09-25 07:20:28.236,4,0.2,1.501,34.442,0.2,0.0,52,1
2026-09-25 07:20:58.636,2026-09-25 07:21:01.140,6,0.35,2.504,31.901,0.35,0.0,53,1
2026-09-25 07:21:31.808,2026-09-25 07:21:35.813,9,0.5,4.005,33.172,0.5,0.0,54,1
2026-09-25 07:22:06.251,2026-09-25 07:22:08.755,6,0.35,2.504,34.443,0.35,0.0,55,1
2026-09-25 07:22:39.417,2026-09-25 07:22:41.921,6,0.35,2.504,33.166,0.35,0.0,56,1
2026-09-25 07:23:12.599,2026-09-25 07:23:16.604,9,0.5,4.005,33.182,0.5,0.0,57,1
2026-09-25 07:23:47.053,2026-09-25 07:23:48.554,4,0.2,1.501,34.454,0.2,0.0,58,1
2026-09-25 07:24:18.940,2026-09-25 07:24:22.945,9,0.5,4.005,31.887,0.5,0.0,59,1
2026-09-25 07:24:53.382,2026-09-25 07:24:55.884,6,0.35,2.502,34.442,0.35,0.0,60,1
2026-09-25 07:25:26.552,2026-09-25 07:25:29.056,6,0.35,2.504,33.17,0.35,0.0,61,1
2026-09-25 07:25:59.728,2026-09-25 07:26:01.231,4,0.2,1.503,33.176,0.2,0.0,62,1
2026-09-25 07:26:31.623,2026-09-25 07:26:35.627,9,0.5,4.004,31.895,0.5,0.0,63,1
2026-09-25 07:27:06.059,2026-09-25 07:27:08.562,6,0.35,2.503,34.436,0.35,0.0,64,1
2026-09-25 07:27:39.219,2026-09-25 07:27:40.721,4,0.2,1.502,33.16,0.2,0.0,65,1
2026-09-25 07:28:11.104,2026-09-25 07:28:12.606,4,0.2,1.502,31.885,0.2,0.0,66,1
2026-09-25 07:28:43.008,2026-09-25 07:28:47.014,9,0.5,4.006,31.904,0.5,0.0,67,1
2026-09-25 07:29:17.454,2026-09-25 07:29:18.956,4,0.2,1.502,34.446,0.2,0.0,68,1
2026-09-25 07:29:49.348,2026-09-25 07:29:51.851,6,0.35,2.503,31.894,0.35,0.0,69,1
2026-09-25 07:30:22.524,2026-09-25 07:30:24.026,4,0.2,1.502,33.176,0.2,0.0,70,1
2026-09-25 07:30:54.415,2026-09-25 07:30:56.918,6,0.35,2.503,31.891,0.35,0.0,71,1
2026-09-25 07:31:27.576,2026-09-25 07:31:30.079,6,0.35,2.503,33.161,0.35,0.0,72,1
2026-09-25 07:32:00.744,2026-09-25 07:32:02.246,4,0.2,1.502,33.168,0.2,0.0,73,1
2026-09-25 07:32:32.634,2026-09-25 07:32:34.137,4,0.2,1.503,31.89,0.2,0.0,74,1
2026-09-25 07:33:04.526,2026-09-25 07:33:08.531,9,0.5,4.005,31.892,0.5,0.0,75,1
2026-09-25 07:33:38.969,2026-09-25 07:33:40.472,4,0.2,1.503,34.443,0.2,0.0,76,1
2026-09-25 07:34:10.873,2026-09-25 07:34:12.375,4,0.2,1.502,31.904,0.2,0.0,77,1
2026-09-25 07:34:42.765,2026-09-25 07:34:44.267,4,0.2,1.502,31.892,0.2,0.0,78,1
2026-09-25 07:35:14.658,2026-09-25 07:35:16.160,4,0.2,1.502,31.893,0.2,0.0,79,1
2026-09-25 07:35:46.564,2026-09-25 07:35:49.067,6,0.35,2.503,31.906,0.35,0.0,80,1
2026-09-25 07:36:19.729,2026-09-25 07:36:22.232,6,0.35,2.503,33.165,0.35,0.0,81,1
2026-09-25 07:36:52.898,2026-09-25 07:36:56.903,9,0.5,4.005,33.169,0.5,0.0,82,1
2026-09-25 07:37:27.334,2026-09-25 07:37:29.838,6,0.35,2.504,34.436,0.35,0.0,83,1
2026-09-25 07:38:00.491,2026-09-25 07:38:02.994,6,0.35,2.503,33.157,0.35,0.0,84,1
2026-09-25 07:38:33.660,2026-09-25 07:38:35.162,4,0.2,1.502,33.169,0.2,0.0,85,1
2026-09-25 07:39:05.558,2026-09-25 07:39:09.565,9,0.5,4.007,31.898,0.5,0.0,86,1
2026-09-25 07:39:40.000,2026-09-25 07:39:44.004,9,0.5,4.004,34.442,0.5,0.0,87,1
2026-09-25 07:40:14.437,2026-09-25 07:40:15.939,4,0.2,1.502,34.437,0.2,0.0,88,1
2026-09-25 07:40:46.342,2026-09-25 07:40:50.347,9,0.5,4.005,31.905,0.5,0.0,89,1
2026-09-25 07:41:20.777,2026-09-25 07:41:23.280,6,0.35,2.503,34.435,0.35,0.0,90,1
2026-09-25 07:41:53.951,2026-09-25 07:41:56.455,6,0.35,2.504,33.174,0.35,0.0,91,1
2026-09-25 07:42:27.128,2026-09-25 07:42:28.630,4,0.2,1.502,33.177,0.2,0.0,92,1
2026-09-25 07:42:59.037,2026-09-25 07:43:01.541,6,0.35,2.504,31.909,0.35,0.0,93,1
2026-09-25 07:43:32.223,2026-09-25 07:43:34.728,6,0.35,2.505,33.186,0.35,0.0,94,1
2026-09-25 07:44:05.383,2026-09-25 07:44:06.884,4,0.2,1.501,33.16,0.2,0.0,95,1
2026-09-25 07:44:37.287,2026-09-25 07:44:39.790,6,0.35,2.503,31.904,0.35,0.0,96,1
2026-09-25 07:45:10.452,2026-09-25 07:45:11.954,4,0.2,1.502,33.165,0.2,0.0,97,1
2026-09-25 07:45:42.342,2026-09-25 07:45:43.844,4,0.2,1.502,31.89,0.2,0.0,98,1
2026-09-25 07:46:14.237,2026-09-25 07:46:15.739,4,0.2,1.502,31.895,0.2,0.0,99,1
2026-09-25 07:46:46.141,2026-09-25 07:46:50.145,9,0.5,4.004,31.904,0.5,0.0,100,1
2026-09-25 07:47:20.578,2026-09-25 07:47:22.080,4,0.2,1.502,34.437,0.2,0.0,101,1
2026-09-25 07:47:52.481,2026-09-25 07:47:53.982,4,0.2,1.501,31.903,0.2,0.0,102,1
2026-09-25 07:48:24.379,2026-09-25 07:48:25.880,4,0.2,1.501,31.898,0.2,0.0,103,1
2026-09-25 07:48:56.270,2026-09-25 07:48:58.773,6,0.35,2.503,31.891,0.35,0.0,104,1
2026-09-25 07:49:29.431,2026-09-25 07:49:31.934,6,0.35,2.503,33.161,0.35,0.0,105,1
2026-09-25 07:50:02.620,2026-09-25 07:50:04.122,4,0.2,1.502,33.189,0.2,0.0,106,1
2026-09-25 07:50:34.525,2026-09-25 07:50:38.531,9,0.5,4.006,31.905,0.5,0.0,107,1
2026-09-25 07:51:08.965,2026-09-25 07:51:12.971,9,0.5,4.006,34.44,0.5,0.0,108,1
2026-09-25 07:51:43.405,2026-09-25 07:51:44.906,4,0.2,1.501,34.44,0.2,0.0,109,1
2026-09-25 07:52:15.297,2026-09-25 07:52:17.801,6,0.35,2.504,31.892,0.35,0.0,110,1
2026-09-25 07:52:48.466,2026-09-25 07:52:52.472,9,0.5,4.006,33.169,0.5,0.0,111,1
2026-09-25 07:53:22.909,2026-09-25 07:53:24.411,4,0.2,1.502,34.443,0.2,0.0,112,1
2026-09-25 07:53:54.798,2026-09-25 07:53:58.804,9,0.5,4.006,31.889,0.5,0.0,113,1
2026-09-25 07:54:29.232,2026-09-25 07:54:30.734,4,0.2,1.502,34.434,0.2,0.0,114,1
2026-09-25 07:55:01.127,2026-09-25 07:55:03.631,6,0.35,2.504,31.895,0.35,0.0,115,1
2026-09-25 07:55:34.295,2026-09-25 07:55:38.301,9,0.5,4.006,33.168,0.5,0.0,116,1
2026-09-25 07:56:08.730,2026-09-25 07:56:11.233,6,0.35,2.503,34.435,0.35,0.0,117,1
2026-09-25 07:56:41.896,2026-09-25 07:56:43.399,4,0.2,1.503,33.166,0.2,0.0,118,1
2026-09-25 07:57:13.798,2026-09-25 07:57:16.301,6,0.35,2.503,31.902,0.35,0.0,119,1
2026-09-25 07:57:46.967,2026-09-25 07:57:49.471,6,0.35,2.504,33.169,0.35,0.0,120,1
2026-09-25 07:58:20.138,2026-09-25 07:58:21.640,4,0.2,1.502,33.171,0.2,0.0,121,1
2026-09-25 07:58:52.036,2026-09-25 07:58:53.538,4,0.2,1.502,31.898,0.2,0.0,122,1
2026-09-25 07:59:23.942,2026-09-25 07:59:26.445,6,0.35,2.503,31.906,0.35,0.0,123,1
2026-09-25 07:59:57.117,2026-09-25 08:00:01.122,9,0.5,4.005,33.175,0.5,0.0,124,1
2026-09-25 08:00:31.614,2026-09-25 08:00:34.117,6,0.35,2.503,34.497,0.35,0.0,125,1
2026-09-25 08:01:04.804,2026-09-25 08:01:06.306,4,0.2,1.502,33.19,0.2,0.0,126,1
2026-09-25 08:01:36.699,2026-09-25 08:01:38.202,4,0.2,1.503,31.895,0.2,0.0,127,1
2026-09-25 08:02:08.616,2026-09-25 08:02:10.118,4,0.2,1.502,31.917,0.2,0.0,128,1
2026-09-25 08:02:40.507,2026-09-25 08:02:43.010,6,0.35,2.503,31.891,0.35,0.0,129,1
2026-09-25 08:03:13.681,2026-09-25 08:03:17.686,9,0.5,4.005,33.174,0.5,0.0,130,1
2026-09-25 08:03:48.116,2026-09-25 08:03:52.123,9,0.5,4.007,34.435,0.5,0.0,131,1
2026-09-25 08:04:22.563,2026-09-25 08:04:26.569,9,0.5,4.006,34.447,0.5,0.0,132,1
2026-09-25 08:04:57.007,2026-09-25 08:04:58.509,4,0.2,1.502,34.444,0.2,0.0,133,1
2026-09-25 08:05:28.898,2026-09-25 08:05:30.402,4,0.2,1.504,31.891,0.2,0.0,134,1
2026-09-25 08:06:00.796,2026-09-25 08:06:02.298,4,0.2,1.502,31.898,0.2,0.0,135,1
2026-09-25 08:06:32.689,2026-09-25 08:06:34.190,4,0.2,1.501,31.893,0.2,0.0,136,1
2026-09-25 08:07:04.596,2026-09-25 08:07:07.099,6,0.35,2.503,31.907,0.35,0.0,137,1
2026-09-25 08:07:37.757,2026-09-25 08:07:40.260,6,0.35,2.503,33.161,0.35,0.0,138,1
2026-09-25 08:08:10.917,2026-09-25 08:08:12.419,4,0.2,1.502,33.16,0.2,0.0,139,1
2026-09-25 08:08:42.807,2026-09-25 08:08:46.812,9,0.5,4.005,31.89,0.5,0.0,140,1
2026-09-25 08:09:17.265,2026-09-25 08:09:19.768,6,0.35,2.503,34.458,0.35,0.0,141,1
2026-09-25 08:09:50.439,2026-09-25 08:09:52.942,6,0.35,2.503,33.174,0.35,0.0,142,1
2026-09-25 08:10:23.605,2026-09-25 08:10:26.108,6,0.35,2.503,33.166,0.35,0.0,143,1
2026-09-25 08:10:56.812,2026-09-25 08:10:58.314,4,0.2,1.502,33.207,0.2,0.0,144,1
2026-09-25 08:11:28.705,2026-09-25 08:11:30.207,4,0.2,1.502,31.893,0.2,0.0,145,1
2026-09-25 08:12:00.613,2026-09-25 08:12:02.115,4,0.2,1.502,31.908,0.2,0.0,146,1
2026-09-25 08:12:32.510,2026-09-25 08:12:34.013,4,0.2,1.503,31.897,0.2,0.0,147,1
2026-09-25 08:13:04.405,2026-09-25 08:13:08.410,9,0.5,4.005,31.895,0.5,0.0,148,1
2026-09-25 08:13:38.842,2026-09-25 08:13:42.847,9,0.5,4.005,34.437,0.5,0.0,149,1
2026-09-25 08:14:13.279,2026-09-25 08:14:14.781,4,0.2,1.502,34.437,0.2,0.0,150,1
2026-09-25 08:14:45.194,2026-09-25 08:14:46.696,4,0.2,1.502,31.915,0.2,0.0,151,1
2026-09-25 08:15:17.086,2026-09-25 08:15:21.091,9,0.5,4.005,31.892,0.5,0.0,152,1
2026-09-25 08:15:51.529,2026-09-25 08:15:54.032,6,0.35,2.503,34.443,0.35,0.0,153,1
2026-09-25 08:16:24.702,2026-09-25 08:16:27.206,6,0.35,2.504,33.173,0.35,0.0,154,1
2026-09-25 08:16:57.880,2026-09-25 08:17:01.885,9,0.5,4.005,33.178,0.5,0.0,155,1
2026-09-25 08:17:32.362,2026-09-25 08:17:34.865,6,0.35,2.503,34.482,0.35,0.0,156,1
2026-09-25 08:18:05.528,2026-09-25 08:18:07.030,4,0.2,1.502,33.166,0.2,0.0,157,1
2026-09-25 08:18:37.429,2026-09-25 08:18:41.435,9,0.5,4.006,31.901,0.5,0.0,158,1
2026-09-25 08:19:11.881,2026-09-25 08:19:14.384,6,0.35,2.503,34.452,0.35,0.0,159,1
2026-09-25 08:19:45.049,2026-09-25 08:19:49.056,9,0.5,4.007,33.168,0.5,0.0,160,1
2026-09-25 08:20:19.499,2026-09-25 08:20:21.001,4,0.2,1.502,34.45,0.2,0.0,161,1
2026-09-25 08:20:51.389,2026-09-25 08:20:53.892,6,0.35,2.503,31.89,0.35,0.0,162,1
2026-09-25 08:21:24.557,2026-09-25 08:21:26.059,4,0.2,1.502,33.168,0.2,0.0,163,1
2026-09-25 08:21:56.446,2026-09-25 08:22:00.454,9,0.5,4.008,31.889,0.5,0.0,164,1
2026-09-25 08:22:30.886,2026-09-25 08:22:32.387,4,0.2,1.501,34.44,0.2,0.0,165,1
2026-09-25 08:23:02.796,2026-09-25 08:23:05.299,6,0.35,2.503,31.91,0.35,0.0,166,1
2026-09-25 08:23:35.957,2026-09-25 08:23:37.459,4,0.2,1.502,33.161,0.2,0.0,167,1
2026-09-25 08:24:07.864,2026-09-25 08:24:11.869,9,0.5,4.005,31.907,0.5,0.0,168,1
2026-09-25 08:24:42.308,2026-09-25 08:24:43.809,4,0.2,1.501,34.444,0.2,0.0,169,1
2026-09-25 08:25:14.199,2026-09-25 08:25:18.204,9,0.5,4.005,31.891,0.5,0.0,170,1
2026-09-25 08:25:48.639,2026-09-25 08:25:50.140,4,0.2,1.501,34.44,0.2,0.0,171,1
2026-09-25 08:26:20.542,2026-09-25 08:26:22.043,4,0.2,1.501,31.903,0.2,0.0,172,1
2026-09-25 08:26:52.429,2026-09-25 08:26:56.434,9,0.5,4.005,31.887,0.5,0.0,173,1
2026-09-25 08:27:26.866,2026-09-25 08:27:30.871,9,0.5,4.005,34.437,0.5,0.0,174,1
2026-09-25 08:28:01.319,2026-09-25 08:28:05.324,9,0.5,4.005,34.453,0.5,0.0,175,1
2026-09-25 08:28:35.753,2026-09-25 08:28:37.255,4,0.2,1.502,34.434,0.2,0.0,176,1
2026-09-25 08:29:07.637,2026-09-25 08:29:11.642,9,0.5,4.005,31.884,0.5,0.0,177,1
2026-09-25 08:29:42.073,2026-09-25 08:29:44.576,6,0.35,2.503,34.436,0.35,0.0,178,1
2026-09-25 08:30:15.267,2026-09-25 08:30:17.771,6,0.35,2.504,33.194,0.35,0.0,179,1
2026-09-25 08:30:48.438,2026-09-25 08:30:52.444,9,0.5,4.006,33.171,0.5,0.0,180,1
2026-09-25 08:31:22.878,2026-09-25 08:31:24.379,4,0.2,1.501,34.44,0.2,0.0,181,1
2026-09-25 08:31:54.769,2026-09-25 08:31:57.272,6,0.35,2.503,31.891,0.35,0.0,182,1
2026-09-25 08:32:27.928,2026-09-25 08:32:29.429,4,0.2,1.501,33.159,0.2,0.0,183,1
2026-09-25 08:32:59.821,2026-09-25 08:33:01.323,4,0.2,1.502,31.893,0.2,0.0,184,1
2026-09-25 08:33:31.719,2026-09-25 08:33:33.221,4,0.2,1.502,31.898,0.2,0.0,185,1
2026-09-25 08:34:03.614,2026-09-25 08:34:05.117,4,0.2,1.503,31.895,0.2,0.0,186,1
2026-09-25 08:34:35.505,2026-09-25 08:34:39.509,9,0.5,4.004,31.891,0.5,0.0,187,1
2026-09-25 08:35:09.944,2026-09-25 08:35:12.446,6,0.35,2.502,34.439,0.35,0.0,188,1
2026-09-25 08:35:43.103,2026-09-25 08:35:44.604,4,0.2,1.501,33.159,0.2,0.0,189,1
2026-09-25 08:36:14.999,2026-09-25 08:36:19.004,9,0.5,4.005,31.896,0.5,0.0,190,1
2026-09-25 08:36:49.438,2026-09-25 08:36:53.443,9,0.5,4.005,34.439,0.5,0.0,191,1
2026-09-25 08:37:23.876,2026-09-25 08:37:26.380,6,0.35,2.504,34.438,0.35,0.0,192,1
2026-09-25 08:37:57.054,2026-09-25 08:37:59.557,6,0.35,2.503,33.178,0.35,0.0,193,1
2026-09-25 08:38:30.226,2026-09-25 08:38:32.729,6,0.35,2.503,33.172,0.35,0.0,194,1
2026-09-25 08:39:03.389,2026-09-25 08:39:07.394,9,0.5,4.005,33.163,0.5,0.0,195,1
2026-09-25 08:39:37.825,2026-09-25 08:39:40.328,6,0.35,2.503,34.436,0.35,0.0,196,1
2026-09-25 08:40:10.985,2026-09-25 08:40:13.488,6,0.35,2.503,33.16,0.35,0.0,197,1
2026-09-25 08:40:44.146,2026-09-25 08:40:48.154,9,0.5,4.008,33.161,0.5,0.0,198,1
2026-09-25 08:41:18.580,2026-09-25 08:41:20.082,4,0.2,1.502,34.434,0.2,0.0,199,1
2026-09-25 08:41:50.478,2026-09-25 08:41:54.483,9,0.5,4.005,31.898,0.5,0.0,200,1
2026-09-25 08:42:24.919,2026-09-25 08:42:26.420,4,0.2,1.501,34.441,0.2,0.0,201,1
2026-09-25 08:42:56.812,2026-09-25 08:42:58.314,4,0.2,1.502,31.893,0.2,0.0,202,1
2026-09-25 08:43:28.706,2026-09-25 08:43:30.209,4,0.2,1.503,31.894,0.2,0.0,203,1
2026-09-25 08:44:00.624,2026-09-25 08:44:03.127,6,0.35,2.503,31.918,0.35,0.0,204,1
2026-09-25 08:44:33.790,2026-09-25 08:44:37.795,9,0.5,4.005,33.166,0.5,0.0,205,1
2026-09-25 08:45:08.232,2026-09-25 08:45:12.237,9,0.5,4.005,34.442,0.5,0.0,206,1
2026-09-25 08:45:42.670,2026-09-25 08:45:46.675,9,0.5,4.005,34.438,0.5,0.0,207,1
2026-09-25 08:46:17.128,2026-09-25 08:46:21.136,9,0.5,4.008,34.458,0.5,0.0,208,1
2026-09-25 08:46:51.576,2026-09-25 08:46:53.078,4,0.2,1.502,34.448,0.2,0.0,209,1
2026-09-25 08:47:23.461,2026-09-25 08:47:25.964,6,0.35,2.503,31.885,0.35,0.0,210,1
2026-09-25 08:47:56.633,2026-09-25 08:47:58.135,4,0.2,1.502,33.172,0.2,0.0,211,1
2026-09-25 08:48:28.525,2026-09-25 08:48:30.027,4,0.2,1.502,31.892,0.2,0.0,212,1
2026-09-25 08:49:00.413,2026-09-25 08:49:04.420,9,0.5,4.007,31.888,0.5,0.0,213,1
2026-09-25 08:49:34.849,2026-09-25 08:49:36.351,4,0.2,1.502,34.436,0.2,0.0,214,1
2026-09-25 08:50:06.744,2026-09-25 08:50:08.246,4,0.2,1.502,31.895,0.2,0.0,215,1
2026-09-25 08:50:38.656,2026-09-25 08:50:41.159,6,0.35,2.503,31.912,0.35,0.0,216,1
2026-09-25 08:51:11.825,2026-09-25 08:51:14.328,6,0.35,2.503,33.169,0.35,0.0,217,1
2026-09-25 08:51:44.993,2026-09-25 08:51:47.496,6,0.35,2.503,33.168,0.35,0.0,218,1
2026-09-25 08:52:18.152,2026-09-25 08:52:19.654,4,0.2,1.502,33.159,0.2,0.0,219,1
2026-09-25 08:52:50.048,2026-09-25 08:52:51.550,4,0.2,1.502,31.896,0.2,0.0,220,1
2026-09-25 15:40:40.032,2026-09-25 15:40:42.560,6,0.35,2.528,,0.35,0.0,0,2
2026-09-25 15:41:13.240,2026-09-25 15:41:17.251,9,0.5,4.011,33.208,0.5,0.0,1,2
2026-09-25 15:41:47.693,2026-09-25 15:41:50.196,6,0.35,2.503,34.453,0.35,0.0,2,2
2026-09-25 15:42:20.867,2026-09-25 15:42:23.372,6,0.35,2.505,33.174,0.35,0.0,3,2
2026-09-25 15:42:54.039,2026-09-25 15:42:58.045,9,0.5,4.006,33.172,0.5,0.0,4,2
2026-09-25 15:43:28.488,2026-09-25 15:43:32.493,9,0.5,4.005,34.449,0.5,0.0,5,2
2026-09-25 15:44:02.966,2026-09-25 15:44:04.469,4,0.2,1.503,34.478,0.2,0.0,6,2
2026-09-25 15:44:34.877,2026-09-25 15:44:36.379,4,0.2,1.502,31.911,0.2,0.0,7,2
2026-09-25 15:45:06.773,2026-09-25 15:45:10.779,9,0.5,4.006,31.896,0.5,0.0,8,2
2026-09-25 15:45:41.212,2026-09-25 15:45:43.715,6,0.35,2.503,34.439,0.35,0.0,9,2
2026-09-25 15:46:14.372,2026-09-25 15:46:18.378,9,0.5,4.006,33.16,0.5,0.0,10,2
2026-09-25 15:46:48.876,2026-09-25 15:46:52.881,9,0.5,4.005,34.504,0.5,0.0,11,2
2026-09-25 15:47:23.320,2026-09-25 15:47:24.822,4,0.2,1.502,34.444,0.2,0.0,12,2
2026-09-25 15:47:55.217,2026-09-25 15:47:56.723,4,0.2,1.506,31.897,0.2,0.0,13,2
2026-09-25 15:48:27.118,2026-09-25 15:48:29.621,6,0.35,2.503,31.901,0.35,0.0,14,2
2026-09-25 15:49:00.282,2026-09-25 15:49:02.786,6,0.35,2.504,33.164,0.35,0.0,15,2
2026-09-25 15:49:33.460,2026-09-25 15:49:34.963,4,0.2,1.503,33.178,0.2,0.0,16,2
2026-09-25 15:50:05.353,2026-09-25 15:50:06.854,4,0.2,1.501,31.893,0.2,0.0,17,2
2026-09-25 15:50:37.240,2026-09-25 15:50:41.245,9,0.5,4.005,31.887,0.5,0.0,18,2
2026-09-25 15:51:11.672,2026-09-25 15:51:15.678,9,0.5,4.006,34.432,0.5,0.0,19,2
2026-09-25 15:51:46.128,2026-09-25 15:51:50.133,9,0.5,4.005,34.456,0.5,0.0,20,2
2026-09-25 15:52:20.581,2026-09-25 15:52:22.084,4,0.2,1.503,34.453,0.2,0.0,21,2
2026-09-25 15:52:52.473,2026-09-25 15:52:56.478,9,0.5,4.005,31.892,0.5,0.0,22,2
2026-09-25 15:53:26.906,2026-09-25 15:53:29.410,6,0.35,2.504,34.433,0.35,0.0,23,2
2026-09-25 15:54:00.078,2026-09-25 15:54:02.581,6,0.35,2.503,33.172,0.35,0.0,24,2
2026-09-25 15:54:33.261,2026-09-25 15:54:37.266,9,0.5,4.005,33.183,0.5,0.0,25,2
2026-09-25 15:55:07.700,2026-09-25 15:55:11.705,9,0.5,4.005,34.439,0.5,0.0,26,2
2026-09-25 15:55:42.135,2026-09-25 15:55:46.140,9,0.5,4.005,34.435,0.5,0.0,27,2
2026-09-25 15:56:16.572,2026-09-25 15:56:20.578,9,0.5,4.006,34.437,0.5,0.0,28,2
2026-09-25 15:56:51.028,2026-09-25 15:56:52.530,4,0.2,1.502,34.456,0.2,0.0,29,2
2026-09-25 15:57:22.946,2026-09-25 15:57:26.952,9,0.5,4.006,31.918,0.5,0.0,30,2
2026-09-25 15:57:57.379,2026-09-25 15:57:58.881,4,0.2,1.502,34.433,0.2,0.0,31,2
2026-09-25 15:58:29.264,2026-09-25 15:58:33.271,9,0.5,4.007,31.885,0.5,0.0,32,2
2026-09-25 15:59:03.709,2026-09-25 15:59:05.211,4,0.2,1.502,34.445,0.2,0.0,33,2
2026-09-25 15:59:35.605,2026-09-25 15:59:37.107,4,0.2,1.502,31.896,0.2,0.0,34,2
2026-09-25 16:00:07.500,2026-09-25 16:00:09.001,4,0.2,1.501,31.895,0.2,0.0,35,2
2026-09-25 16:00:39.390,2026-09-25 16:00:40.891,4,0.2,1.501,31.89,0.2,0.0,36,2
2026-09-25 16:01:11.283,2026-09-25 16:01:12.785,4,0.2,1.502,31.893,0.2,0.0,37,2
2026-09-25 16:01:43.178,2026-09-25 16:01:47.183,9,0.5,4.005,31.895,0.5,0.0,38,2
2026-09-25 16:02:17.622,2026-09-25 16:02:19.124,4,0.2,1.502,34.444,0.2,0.0,39,2
2026-09-25 16:02:49.522,2026-09-25 16:02:52.025,6,0.35,2.503,31.9,0.35,0.0,40,2
2026-09-25 16:03:22.695,2026-09-25 16:03:25.198,6,0.35,2.503,33.173,0.35,0.0,41,2
2026-09-25 16:03:55.859,2026-09-25 16:03:58.362,6,0.35,2.503,33.164,0.35,0.0,42,2
2026-09-25 16:04:29.045,2026-09-25 16:04:33.049,9,0.5,4.004,33.186,0.5,0.0,43,2
2026-09-25 16:05:03.486,2026-09-25 16:05:04.987,4,0.2,1.501,34.441,0.2,0.0,44,2
2026-09-25 16:05:35.367,2026-09-25 16:05:39.372,9,0.5,4.005,31.881,0.5,0.0,45,2
2026-09-25 16:06:09.806,2026-09-25 16:06:11.308,4,0.2,1.502,34.439,0.2,0.0,46,2
2026-09-25 16:06:41.705,2026-09-25 16:06:45.711,9,0.5,4.006,31.899,0.5,0.0,47,2
2026-09-25 16:07:16.146,2026-09-25 16:07:18.649,6,0.35,2.503,34.441,0.35,0.0,48,2
2026-09-25 16:07:49.312,2026-09-25 16:07:51.815,6,0.35,2.503,33.166,0.35,0.0,49,2
2026-09-25 16:08:22.486,2026-09-25 16:08:23.988,4,0.2,1.502,33.174,0.2,0.0,50,2
2026-09-25 16:08:54.387,2026-09-25 16:08:58.394,9,0.5,4.007,31.901,0.5,0.0,51,2
2026-09-25 16:09:28.824,2026-09-25 16:09:30.325,4,0.2,1.501,34.437,0.2,0.0,52,2
2026-09-25 16:10:00.712,2026-09-25 16:10:03.214,6,0.35,2.502,31.888,0.35,0.0,53,2
2026-09-25 16:10:33.868,2026-09-25 16:10:37.873,9,0.5,4.005,33.156,0.5,0.0,54,2
2026-09-25 16:11:08.311,2026-09-25 16:11:10.814,6,0.35,2.503,34.443,0.35,0.0,55,2
2026-09-25 16:11:41.471,2026-09-25 16:11:43.974,6,0.35,2.503,33.16,0.35,0.0,56,2
2026-09-25 16:12:14.645,2026-09-25 16:12:18.650,9,0.5,4.005,33.174,0.5,0.0,57,2
2026-09-25 16:12:49.087,2026-09-25 16:12:50.589,4,0.2,1.502,34.442,0.2,0.0,58,2
2026-09-25 16:13:20.988,2026-09-25 16:13:24.992,9,0.5,4.004,31.901,0.5,0.0,59,2
2026-09-25 16:13:55.426,2026-09-25 16:13:57.929,6,0.35,2.503,34.438,0.35,0.0,60,2
2026-09-25 16:14:28.587,2026-09-25 16:14:31.090,6,0.35,2.503,33.161,0.35,0.0,61,2
2026-09-25 16:15:01.759,2026-09-25 16:15:03.260,4,0.2,1.501,33.172,0.2,0.0,62,2
2026-09-25 16:15:33.649,2026-09-25 16:15:37.654,9,0.5,4.005,31.89,0.5,0.0,63,2
2026-09-25 16:16:08.098,2026-09-25 16:16:10.601,6,0.35,2.503,34.449,0.35,0.0,64,2
2026-09-25 16:16:41.267,2026-09-25 16:16:42.769,4,0.2,1.502,33.169,0.2,0.0,65,2
2026-09-25 16:17:13.163,2026-09-25 16:17:14.665,4,0.2,1.502,31.896,0.2,0.0,66,2
2026-09-25 16:17:45.065,2026-09-25 16:17:49.070,9,0.5,4.005,31.902,0.5,0.0,67,2
2026-09-25 16:18:19.504,2026-09-25 16:18:21.006,4,0.2,1.502,34.439,0.2,0.0,68,2
2026-09-25 16:18:51.394,2026-09-25 16:18:53.897,6,0.35,2.503,31.89,0.35,0.0,69,2
2026-09-25 16:19:24.557,2026-09-25 16:19:26.058,4,0.2,1.501,33.163,0.2,0.0,70,2
2026-09-25 16:19:56.443,2026-09-25 16:19:58.945,6,0.35,2.502,31.886,0.35,0.0,71,2
2026-09-25 16:20:29.613,2026-09-25 16:20:32.116,6,0.35,2.503,33.17,0.35,0.0,72,2
2026-09-25 16:21:02.789,2026-09-25 16:21:04.291,4,0.2,1.502,33.176,0.2,0.0,73,2
2026-09-25 16:21:34.687,2026-09-25 16:21:36.189,4,0.2,1.502,31.898,0.2,0.0,74,2
2026-09-25 16:22:06.585,2026-09-25 16:22:10.590,9,0.5,4.005,31.898,0.5,0.0,75,2
2026-09-25 16:22:41.037,2026-09-25 16:22:42.538,4,0.2,1.501,34.452,0.2,0.0,76,2
2026-09-25 16:23:12.941,2026-09-25 16:23:14.443,4,0.2,1.502,31.904,0.2,0.0,77,2
2026-09-25 16:23:44.837,2026-09-25 16:23:46.339,4,0.2,1.502,31.896,0.2,0.0,78,2
2026-09-25 16:24:16.729,2026-09-25 16:24:18.231,4,0.2,1.502,31.892,0.2,0.0,79,2
2026-09-25 16:24:48.625,2026-09-25 16:24:51.128,6,0.35,2.503,31.896,0.35,0.0,80,2
2026-09-25 16:25:21.783,2026-09-25 16:25:24.287,6,0.35,2.504,33.158,0.35,0.0,81,2
2026-09-25 16:25:54.950,2026-09-25 16:25:58.954,9,0.5,4.004,33.167,0.5,0.0,82,2
2026-09-25 16:26:29.427,2026-09-25 16:26:31.930,6,0.35,2.503,34.477,0.35,0.0,83,2
2026-09-25 16:27:02.596,2026-09-25 16:27:05.099,6,0.35,2.503,33.169,0.35,0.0,84,2
2026-09-25 16:27:35.763,2026-09-25 16:27:37.265,4,0.2,1.502,33.167,0.2,0.0,85,2
2026-09-25 16:28:07.655,2026-09-25 16:28:11.660,9,0.5,4.005,31.892,0.5,0.0,86,2
2026-09-25 16:28:42.097,2026-09-25 16:28:46.102,9,0.5,4.005,34.442,0.5,0.0,87,2
2026-09-25 16:29:16.549,2026-09-25 16:29:18.050,4,0.2,1.501,34.452,0.2,0.0,88,2
2026-09-25 16:29:48.451,2026-09-25 16:29:52.457,9,0.5,4.006,31.902,0.5,0.0,89,2
2026-09-25 16:30:22.917,2026-09-25 16:30:25.421,6,0.35,2.504,34.466,0.35,0.0,90,2
2026-09-25 16:30:56.268,2026-09-25 16:30:58.772,6,0.35,2.504,33.351,0.35,0.0,91,2
2026-09-25 16:31:29.441,2026-09-25 16:31:30.942,4,0.2,1.501,33.173,0.2,0.0,92,2
2026-09-25 16:32:01.333,2026-09-25 16:32:03.838,6,0.35,2.505,31.892,0.35,0.0,93,2
2026-09-25 16:32:34.505,2026-09-25 16:32:37.008,6,0.35,2.503,33.172,0.35,0.0,94,2
2026-09-25 16:33:07.670,2026-09-25 16:33:09.172,4,0.2,1.502,33.165,0.2,0.0,95,2
2026-09-25 16:33:39.561,2026-09-25 16:33:42.065,6,0.35,2.504,31.891,0.35,0.0,96,2
2026-09-25 16:34:12.721,2026-09-25 16:34:14.223,4,0.2,1.502,33.16,0.2,0.0,97,2
2026-09-25 16:34:44.616,2026-09-25 16:34:46.118,4,0.2,1.502,31.895,0.2,0.0,98,2
2026-09-25 16:35:16.514,2026-09-25 16:35:18.016,4,0.2,1.502,31.898,0.2,0.0,99,2
2026-09-25 16:35:48.411,2026-09-25 16:35:52.418,9,0.5,4.007,31.897,0.5,0.0,100,2
2026-09-25 16:36:22.846,2026-09-25 16:36:24.348,4,0.2,1.502,34.435,0.2,0.0,101,2
2026-09-25 16:36:54.736,2026-09-25 16:36:56.238,4,0.2,1.502,31.89,0.2,0.0,102,2
2026-09-25 16:37:26.639,2026-09-25 16:37:28.141,4,0.2,1.502,31.903,0.2,0.0,103,2
2026-09-25 16:37:58.527,2026-09-25 16:38:01.030,6,0.35,2.503,31.888,0.35,0.0,104,2
2026-09-25 16:38:31.689,2026-09-25 16:38:34.193,6,0.35,2.504,33.162,0.35,0.0,105,2
2026-09-25 16:39:04.855,2026-09-25 16:39:06.358,4,0.2,1.503,33.166,0.2,0.0,106,2
2026-09-25 16:39:36.781,2026-09-25 16:39:40.786,9,0.5,4.005,31.926,0.5,0.0,107,2
2026-09-25 16:40:11.232,2026-09-25 16:40:15.238,9,0.5,4.006,34.451,0.5,0.0,108,2
2026-09-25 16:40:45.677,2026-09-25 16:40:47.179,4,0.2,1.502,34.445,0.2,0.0,109,2
2026-09-25 16:41:17.573,2026-09-25 16:41:20.076,6,0.35,2.503,31.896,0.35,0.0,110,2
2026-09-25 16:41:50.735,2026-09-25 16:41:54.740,9,0.5,4.005,33.162,0.5,0.0,111,2
2026-09-25 16:42:25.180,2026-09-25 16:42:26.681,4,0.2,1.501,34.445,0.2,0.0,112,2
2026-09-25 16:42:57.083,2026-09-25 16:43:01.087,9,0.5,4.004,31.903,0.5,0.0,113,2
2026-09-25 16:43:31.595,2026-09-25 16:43:33.097,4,0.2,1.502,34.512,0.2,0.0,114,2
2026-09-25 16:44:03.484,2026-09-25 16:44:05.989,6,0.35,2.505,31.889,0.35,0.0,115,2
2026-09-25 16:44:36.644,2026-09-25 16:44:40.652,9,0.5,4.008,33.16,0.5,0.0,116,2
2026-09-25 16:45:11.084,2026-09-25 16:45:13.587,6,0.35,2.503,34.44,0.35,0.0,117,2
2026-09-25 16:45:44.257,2026-09-25 16:45:45.759,4,0.2,1.502,33.173,0.2,0.0,118,2
2026-09-25 16:46:16.146,2026-09-25 16:46:18.650,6,0.35,2.504,31.889,0.35,0.0,119,2
2026-09-25 16:46:49.331,2026-09-25 16:46:51.835,6,0.35,2.504,33.185,0.35,0.0,120,2
2026-09-25 16:47:22.502,2026-09-25 16:47:24.004,4,0.2,1.502,33.171,0.2,0.0,121,2
2026-09-25 16:47:54.394,2026-09-25 16:47:55.896,4,0.2,1.502,31.892,0.2,0.0,122,2
2026-09-25 16:48:26.287,2026-09-25 16:48:28.789,6,0.35,2.502,31.893,0.35,0.0,123,2
2026-09-25 16:48:59.468,2026-09-25 16:49:03.473,9,0.5,4.005,33.181,0.5,0.0,124,2
2026-09-25 16:49:33.903,2026-09-25 16:49:36.406,6,0.35,2.503,34.435,0.35,0.0,125,2
2026-09-25 16:50:07.064,2026-09-25 16:50:08.566,4,0.2,1.502,33.161,0.2,0.0,126,2
2026-09-25 16:50:38.952,2026-09-25 16:50:40.454,4,0.2,1.502,31.888,0.2,0.0,127,2
2026-09-25 16:51:10.837,2026-09-25 16:51:12.339,4,0.2,1.502,31.885,0.2,0.0,128,2
2026-09-25 16:51:42.746,2026-09-25 16:51:45.250,6,0.35,2.504,31.909,0.35,0.0,129,2
2026-09-25 16:52:15.908,2026-09-25 16:52:19.913,9,0.5,4.005,33.162,0.5,0.0,130,2
2026-09-25 16:52:50.367,2026-09-25 16:52:54.372,9,0.5,4.005,34.459,0.5,0.0,131,2
2026-09-25 16:53:24.814,2026-09-25 16:53:28.819,9,0.5,4.005,34.447,0.5,0.0,132,2
2026-09-25 16:53:59.260,2026-09-25 16:54:00.762,4,0.2,1.502,34.446,0.2,0.0,133,2
2026-09-25 16:54:31.148,2026-09-25 16:54:32.649,4,0.2,1.501,31.888,0.2,0.0,134,2
2026-09-25 16:55:03.053,2026-09-25 16:55:04.555,4,0.2,1.502,31.905,0.2,0.0,135,2
2026-09-25 16:55:34.980,2026-09-25 16:55:36.481,4,0.2,1.501,31.927,0.2,0.0,136,2
2026-09-25 16:56:06.865,2026-09-25 16:56:09.368,6,0.35,2.503,31.885,0.35,0.0,137,2
2026-09-25 16:56:40.048,2026-09-25 16:56:42.551,6,0.35,2.503,33.183,0.35,0.0,138,2
2026-09-25 16:57:13.213,2026-09-25 16:57:14.714,4,0.2,1.501,33.165,0.2,0.0,139,2
2026-09-25 16:57:45.107,2026-09-25 16:57:49.112,9,0.5,4.005,31.894,0.5,0.0,140,2
2026-09-25 16:58:19.546,2026-09-25 16:58:22.050,6,0.35,2.504,34.439,0.35,0.0,141,2
2026-09-25 16:58:52.719,2026-09-25 16:58:55.223,6,0.35,2.504,33.173,0.35,0.0,142,2
2026-09-25 16:59:25.885,2026-09-25 16:59:28.388,6,0.35,2.503,33.166,0.35,0.0,143,2
2026-09-25 16:59:59.051,2026-09-25 17:00:00.552,4,0.2,1.501,33.166,0.2,0.0,144,2
2026-09-25 17:00:30.952,2026-09-25 17:00:32.455,4,0.2,1.503,31.901,0.2,0.0,145,2
2026-09-25 17:01:02.857,2026-09-25 17:01:04.359,4,0.2,1.502,31.905,0.2,0.0,146,2
2026-09-25 17:01:34.752,2026-09-25 17:01:36.254,4,0.2,1.502,31.895,0.2,0.0,147,2
2026-09-25 17:02:06.639,2026-09-25 17:02:10.644,9,0.5,4.005,31.887,0.5,0.0,148,2
2026-09-25 17:02:41.078,2026-09-25 17:02:45.086,9,0.5,4.008,34.439,0.5,0.0,149,2
2026-09-25 17:03:15.523,2026-09-25 17:03:17.025,4,0.2,1.502,34.445,0.2,0.0,150,2
2026-09-25 17:03:47.412,2026-09-25 17:03:48.913,4,0.2,1.501,31.889,0.2,0.0,151,2
2026-09-25 17:04:19.300,2026-09-25 17:04:23.305,9,0.5,4.005,31.888,0.5,0.0,152,2
2026-09-25 17:04:53.802,2026-09-25 17:04:56.304,6,0.35,2.502,34.502,0.35,0.0,153,2
2026-09-25 17:05:26.961,2026-09-25 17:05:29.464,6,0.35,2.503,33.159,0.35,0.0,154,2
2026-09-25 17:06:00.124,2026-09-25 17:06:04.129,9,0.5,4.005,33.163,0.5,0.0,155,2
2026-09-25 17:06:34.566,2026-09-25 17:06:37.070,6,0.35,2.504,34.442,0.35,0.0,156,2
2026-09-25 17:07:07.738,2026-09-25 17:07:09.240,4,0.2,1.502,33.172,0.2,0.0,157,2
2026-09-25 17:07:39.639,2026-09-25 17:07:43.644,9,0.5,4.005,31.901,0.5,0.0,158,2
2026-09-25 17:08:14.075,2026-09-25 17:08:16.578,6,0.35,2.503,34.436,0.35,0.0,159,2
2026-09-25 17:08:47.236,2026-09-25 17:08:51.241,9,0.5,4.005,33.161,0.5,0.0,160,2
2026-09-25 17:09:21.671,2026-09-25 17:09:23.173,4,0.2,1.502,34.435,0.2,0.0,161,2
2026-09-25 17:09:53.576,2026-09-25 17:09:56.079,6,0.35,2.503,31.905,0.35,0.0,162,2
2026-09-25 17:10:26.873,2026-09-25 17:10:28.376,4,0.2,1.503,33.297,0.2,0.0,163,2
2026-09-25 17:10:58.772,2026-09-25 17:11:02.777,9,0.5,4.005,31.899,0.5,0.0,164,2
2026-09-25 17:11:33.205,2026-09-25 17:11:34.707,4,0.2,1.502,34.433,0.2,0.0,165,2
2026-09-25 17:12:05.093,2026-09-25 17:12:07.597,6,0.35,2.504,31.888,0.35,0.0,166,2
2026-09-25 17:12:38.264,2026-09-25 17:12:39.766,4,0.2,1.502,33.171,0.2,0.0,167,2
2026-09-25 17:13:10.157,2026-09-25 17:13:14.162,9,0.5,4.005,31.893,0.5,0.0,168,2
2026-09-25 17:13:44.596,2026-09-25 17:13:46.098,4,0.2,1.502,34.439,0.2,0.0,169,2
2026-09-25 17:14:16.506,2026-09-25 17:14:20.511,9,0.5,4.005,31.91,0.5,0.0,170,2
2026-09-25 17:14:50.950,2026-09-25 17:14:52.453,4,0.2,1.503,34.444,0.2,0.0,171,2
2026-09-25 17:15:22.839,2026-09-25 17:15:24.341,4,0.2,1.502,31.889,0.2,0.0,172,2
2026-09-25 17:15:54.745,2026-09-25 17:15:58.749,9,0.5,4.004,31.906,0.5,0.0,173,2
2026-09-25 17:16:29.186,2026-09-25 17:16:33.196,9,0.5,4.01,34.441,0.5,0.0,174,2
2026-09-25 17:17:03.636,2026-09-25 17:17:07.641,9,0.5,4.005,34.45,0.5,0.0,175,2
2026-09-25 17:17:38.082,2026-09-25 17:17:39.584,4,0.2,1.502,34.446,0.2,0.0,176,2
2026-09-25 17:18:09.996,2026-09-25 17:18:14.001,9,0.5,4.005,31.914,0.5,0.0,177,2
2026-09-25 17:18:44.442,2026-09-25 17:18:46.946,6,0.35,2.504,34.446,0.35,0.0,178,2
2026-09-25 17:19:17.606,2026-09-25 17:19:20.109,6,0.35,2.503,33.164,0.35,0.0,179,2
2026-09-25 17:19:50.768,2026-09-25 17:19:54.776,9,0.5,4.008,33.162,0.5,0.0,180,2
2026-09-25 17:20:25.206,2026-09-25 17:20:26.707,4,0.2,1.501,34.438,0.2,0.0,181,2
2026-09-25 17:20:57.092,2026-09-25 17:20:59.595,6,0.35,2.503,31.886,0.35,0.0,182,2
2026-09-25 17:21:30.251,2026-09-25 17:21:31.753,4,0.2,1.502,33.159,0.2,0.0,183,2
2026-09-25 17:22:02.148,2026-09-25 17:22:03.650,4,0.2,1.502,31.897,0.2,0.0,184,2
2026-09-25 17:22:34.046,2026-09-25 17:22:35.548,4,0.2,1.502,31.898,0.2,0.0,185,2
2026-09-25 17:23:05.940,2026-09-25 17:23:07.442,4,0.2,1.502,31.894,0.2,0.0,186,2
2026-09-25 17:23:37.830,2026-09-25 17:23:41.836,9,0.5,4.006,31.89,0.5,0.0,187,2
2026-09-25 17:24:12.312,2026-09-25 17:24:14.815,6,0.35,2.503,34.482,0.35,0.0,188,2
2026-09-25 17:24:45.474,2026-09-25 17:24:46.976,4,0.2,1.502,33.162,0.2,0.0,189,2
2026-09-25 17:25:17.375,2026-09-25 17:25:21.380,9,0.5,4.005,31.901,0.5,0.0,190,2
2026-09-25 17:25:51.812,2026-09-25 17:25:55.816,9,0.5,4.004,34.437,0.5,0.0,191,2
2026-09-25 17:26:26.252,2026-09-25 17:26:28.755,6,0.35,2.503,34.44,0.35,0.0,192,2
2026-09-25 17:26:59.417,2026-09-25 17:27:01.921,6,0.35,2.504,33.165,0.35,0.0,193,2
2026-09-25 17:27:32.577,2026-09-25 17:27:35.080,6,0.35,2.503,33.16,0.35,0.0,194,2
2026-09-25 17:28:05.740,2026-09-25 17:28:09.744,9,0.5,4.004,33.163,0.5,0.0,195,2
2026-09-25 17:28:40.177,2026-09-25 17:28:42.680,6,0.35,2.503,34.437,0.35,0.0,196,2
2026-09-25 17:29:13.339,2026-09-25 17:29:15.842,6,0.35,2.503,33.162,0.35,0.0,197,2
2026-09-25 17:29:46.508,2026-09-25 17:29:50.512,9,0.5,4.004,33.169,0.5,0.0,198,2
2026-09-25 17:30:20.946,2026-09-25 17:30:22.447,4,0.2,1.501,34.438,0.2,0.0,199,2
2026-09-25 17:30:52.832,2026-09-25 17:30:56.837,9,0.5,4.005,31.886,0.5,0.0,200,2
2026-09-25 17:31:27.281,2026-09-25 17:31:28.784,4,0.2,1.503,34.449,0.2,0.0,201,2
2026-09-25 17:31:59.207,2026-09-25 17:32:00.709,4,0.2,1.502,31.926,0.2,0.0,202,2
2026-09-25 17:32:31.095,2026-09-25 17:32:32.597,4,0.2,1.502,31.888,0.2,0.0,203,2
2026-09-25 17:33:02.990,2026-09-25 17:33:05.493,6,0.35,2.503,31.895,0.35,0.0,204,2
2026-09-25 17:33:36.153,2026-09-25 17:33:40.158,9,0.5,4.005,33.163,0.5,0.0,205,2
2026-09-25 17:34:10.585,2026-09-25 17:34:14.590,9,0.5,4.005,34.432,0.5,0.0,206,2
2026-09-25 17:34:45.028,2026-09-25 17:34:49.033,9,0.5,4.005,34.443,0.5,0.0,207,2
2026-09-25 17:35:19.472,2026-09-25 17:35:23.482,9,0.5,4.01,34.444,0.5,0.0,208,2
2026-09-25 17:35:53.914,2026-09-25 17:35:55.415,4,0.2,1.501,34.442,0.2,0.0,209,2
2026-09-25 17:36:25.810,2026-09-25 17:36:28.313,6,0.35,2.503,31.896,0.35,0.0,210,2
2026-09-25 17:36:58.974,2026-09-25 17:37:00.475,4,0.2,1.501,33.164,0.2,0.0,211,2
2026-09-25 17:37:30.872,2026-09-25 17:37:32.374,4,0.2,1.502,31.898,0.2,0.0,212,2
2026-09-25 17:38:02.766,2026-09-25 17:38:06.771,9,0.5,4.005,31.894,0.5,0.0,213,2
2026-09-25 17:38:37.209,2026-09-25 17:38:38.711,4,0.2,1.502,34.443,0.2,0.0,214,2
2026-09-25 17:39:09.102,2026-09-25 17:39:10.603,4,0.2,1.501,31.893,0.2,0.0,215,2
2026-09-25 17:39:40.995,2026-09-25 17:39:43.499,6,0.35,2.504,31.893,0.35,0.0,216,2
2026-09-25 17:40:14.154,2026-09-25 17:40:16.658,6,0.35,2.504,33.159,0.35,0.0,217,2
2026-09-25 17:40:47.327,2026-09-25 17:40:49.830,6,0.35,2.503,33.173,0.35,0.0,218,2
2026-09-25 17:41:20.495,2026-09-25 17:41:21.997,4,0.2,1.502,33.168,0.2,0.0,219,2
2026-09-25 17:41:52.383,2026-09-25 17:41:53.885,4,0.2,1.502,31.888,0.2,0.0,220,2
2026-09-25 17:42:24.280,2026-09-25 17:42:25.781,4,0.2,1.501,31.897,0.2,0.0,221,2
2026-09-25 17:42:56.189,2026-09-25 17:42:57.690,4,0.2,1.501,31.909,0.2,0.0,222,2
2026-09-25 17:43:28.088,2026-09-25 17:43:30.592,6,0.35,2.504,31.899,0.35,0.0,223,2
2026-09-25 17:44:01.269,2026-09-25 17:44:03.772,6,0.35,2.503,33.181,0.35,0.0,224,2
2026-09-25 17:44:34.438,2026-09-25 17:44:38.444,9,0.5,4.006,33.169,0.5,0.0,225,2
2026-09-26 02:04:48.866,2026-09-26 02:04:51.393,6,0.35,2.527,,0.35,0.0,0,3
2026-09-26 02:05:22.062,2026-09-26 02:05:26.071,9,0.5,4.009,33.196,0.5,0.0,1,3
2026-09-26 02:05:56.504,2026-09-26 02:05:59.007,6,0.35,2.503,34.442,0.35,0.0,2,3
2026-09-26 02:06:29.688,2026-09-26 02:06:32.192,6,0.35,2.504,33.184,0.35,0.0,3,3
2026-09-26 02:07:02.862,2026-09-26 02:07:06.867,9,0.5,4.005,33.174,0.5,0.0,4,3
2026-09-26 02:07:37.330,2026-09-26 02:07:41.335,9,0.5,4.005,34.468,0.5,0.0,5,3
2026-09-26 02:08:11.768,2026-09-26 02:08:13.270,4,0.2,1.502,34.438,0.2,0.0,6,3
2026-09-26 02:08:43.655,2026-09-26 02:08:45.157,4,0.2,1.502,31.887,0.2,0.0,7,3
2026-09-26 02:09:15.577,2026-09-26 02:09:19.583,9,0.5,4.006,31.922,0.5,0.0,8,3
2026-09-26 02:09:50.015,2026-09-26 02:09:52.518,6,0.35,2.503,34.438,0.35,0.0,9,3
2026-09-26 02:10:23.190,2026-09-26 02:10:27.196,9,0.5,4.006,33.175,0.5,0.0,10,3
2026-09-26 02:10:57.638,2026-09-26 02:11:01.643,9,0.5,4.005,34.448,0.5,0.0,11,3
2026-09-26 02:11:32.082,2026-09-26 02:11:33.587,4,0.2,1.505,34.444,0.2,0.0,12,3
2026-09-26 02:12:03.972,2026-09-26 02:12:05.475,4,0.2,1.503,31.89,0.2,0.0,13,3
2026-09-26 02:12:35.861,2026-09-26 02:12:38.365,6,0.35,2.504,31.889,0.35,0.0,14,3
2026-09-26 02:13:09.022,2026-09-26 02:13:11.525,6,0.35,2.503,33.161,0.35,0.0,15,3
2026-09-26 02:13:42.212,2026-09-26 02:13:43.713,4,0.2,1.501,33.19,0.2,0.0,16,3
2026-09-26 02:14:14.109,2026-09-26 02:14:15.610,4,0.2,1.501,31.897,0.2,0.0,17,3
2026-09-26 02:14:46.006,2026-09-26 02:14:50.014,9,0.5,4.008,31.897,0.5,0.0,18,3
2026-09-26 02:15:20.447,2026-09-26 02:15:24.453,9,0.5,4.006,34.441,0.5,0.0,19,3
2026-09-26 02:15:54.887,2026-09-26 02:15:58.891,9,0.5,4.004,34.44,0.5,0.0,20,3
2026-09-26 02:16:29.328,2026-09-26 02:16:30.830,4,0.2,1.502,34.441,0.2,0.0,21,3
2026-09-26 02:17:01.233,2026-09-26 02:17:05.239,9,0.5,4.006,31.905,0.5,0.0,22,3
2026-09-26 02:17:35.679,2026-09-26 02:17:38.183,6,0.35,2.504,34.446,0.35,0.0,23,3
2026-09-26 02:18:08.843,2026-09-26 02:18:11.346,6,0.35,2.503,33.164,0.35,0.0,24,3
2026-09-26 02:18:42.012,2026-09-26 02:18:46.019,9,0.5,4.007,33.169,0.5,0.0,25,3
2026-09-26 02:19:16.456,2026-09-26 02:19:20.461,9,0.5,4.005,34.444,0.5,0.0,26,3
2026-09-26 02:19:50.894,2026-09-26 02:19:54.900,9,0.5,4.006,34.438,0.5,0.0,27,3
2026-09-26 02:20:25.376,2026-09-26 02:20:29.382,9,0.5,4.006,34.482,0.5,0.0,28,3
2026-09-26 02:20:59.815,2026-09-26 02:21:01.317,4,0.2,1.502,34.439,0.2,0.0,29,3
2026-09-26 02:21:31.700,2026-09-26 02:21:35.705,9,0.5,4.005,31.885,0.5,0.0,30,3
2026-09-26 02:22:06.148,2026-09-26 02:22:07.649,4,0.2,1.501,34.448,0.2,0.0,31,3
2026-09-26 02:22:38.042,2026-09-26 02:22:42.047,9,0.5,4.005,31.894,0.5,0.0,32,3
2026-09-26 02:23:12.484,2026-09-26 02:23:13.985,4,0.2,1.501,34.442,0.2,0.0,33,3
2026-09-26 02:23:44.374,2026-09-26 02:23:45.876,4,0.2,1.502,31.89,0.2,0.0,34,3
2026-09-26 02:24:16.270,2026-09-26 02:24:17.772,4,0.2,1.502,31.896,0.2,0.0,35,3
2026-09-26 02:24:48.170,2026-09-26 02:24:49.672,4,0.2,1.502,31.9,0.2,0.0,36,3
2026-09-26 02:25:20.060,2026-09-26 02:25:21.562,4,0.2,1.502,31.89,0.2,0.0,37,3
2026-09-26 02:25:51.968,2026-09-26 02:25:55.974,9,0.5,4.006,31.908,0.5,0.0,38,3
2026-09-26 02:26:26.401,2026-09-26 02:26:27.903,4,0.2,1.502,34.433,0.2,0.0,39,3
2026-09-26 02:26:58.284,2026-09-26 02:27:00.788,6,0.35,2.504,31.883,0.35,0.0,40,3
2026-09-26 02:27:31.456,2026-09-26 02:27:33.959,6,0.35,2.503,33.172,0.35,0.0,41,3
2026-09-26 02:28:04.628,2026-09-26 02:28:07.131,6,0.35,2.503,33.172,0.35,0.0,42,3
2026-09-26 02:28:37.799,2026-09-26 02:28:41.804,9,0.5,4.005,33.171,0.5,0.0,43,3
2026-09-26 02:29:12.252,2026-09-26 02:29:13.754,4,0.2,1.502,34.453,0.2,0.0,44,3
2026-09-26 02:29:44.149,2026-09-26 02:29:48.154,9,0.5,4.005,31.897,0.5,0.0,45,3
2026-09-26 02:30:18.586,2026-09-26 02:30:20.088,4,0.2,1.502,34.437,0.2,0.0,46,3
2026-09-26 02:30:50.493,2026-09-26 02:30:54.498,9,0.5,4.005,31.907,0.5,0.0,47,3
2026-09-26 02:31:24.936,2026-09-26 02:31:27.440,6,0.35,2.504,34.443,0.35,0.0,48,3
2026-09-26 02:31:58.102,2026-09-26 02:32:00.604,6,0.35,2.502,33.166,0.35,0.0,49,3
2026-09-26 02:32:31.278,2026-09-26 02:32:32.780,4,0.2,1.502,33.176,0.2,0.0,50,3
2026-09-26 02:33:03.172,2026-09-26 02:33:07.177,9,0.5,4.005,31.894,0.5,0.0,51,3
2026-09-26 02:33:37.633,2026-09-26 02:33:39.135,4,0.2,1.502,34.461,0.2,0.0,52,3
2026-09-26 02:34:09.525,2026-09-26 02:34:12.028,6,0.35,2.503,31.892,0.35,0.0,53,3
2026-09-26 02:34:42.949,2026-09-26 02:34:46.954,9,0.5,4.005,33.424,0.5,0.0,54,3
2026-09-26 02:35:17.437,2026-09-26 02:35:19.940,6,0.35,2.503,34.488,0.35,0.0,55,3
2026-09-26 02:35:50.622,2026-09-26 02:35:53.125,6,0.35,2.503,33.185,0.35,0.0,56,3
2026-09-26 02:36:23.790,2026-09-26 02:36:27.796,9,0.5,4.006,33.168,0.5,0.0,57,3
2026-09-26 02:36:58.233,2026-09-26 02:36:59.734,4,0.2,1.501,34.443,0.2,0.0,58,3
2026-09-26 02:37:30.129,2026-09-26 02:37:34.135,9,0.5,4.006,31.896,0.5,0.0,59,3
2026-09-26 02:38:04.570,2026-09-26 02:38:07.074,6,0.35,2.504,34.441,0.35,0.0,60,3
2026-09-26 02:38:37.731,2026-09-26 02:38:40.234,6,0.35,2.503,33.161,0.35,0.0,61,3
2026-09-26 02:39:10.902,2026-09-26 02:39:12.406,4,0.2,1.504,33.171,0.2,0.0,62,3
2026-09-26 02:39:42.788,2026-09-26 02:39:46.794,9,0.5,4.006,31.886,0.5,0.0,63,3
2026-09-26 02:40:17.229,2026-09-26 02:40:19.732,6,0.35,2.503,34.441,0.35,0.0,64,3
2026-09-26 02:40:50.391,2026-09-26 02:40:51.893,4,0.2,1.502,33.162,0.2,0.0,65,3
2026-09-26 02:41:22.288,2026-09-26 02:41:23.790,4,0.2,1.502,31.897,0.2,0.0,66,3
2026-09-26 02:41:54.178,2026-09-26 02:41:58.183,9,0.5,4.005,31.89,0.5,0.0,67,3
2026-09-26 02:42:28.617,2026-09-26 02:42:30.118,4,0.2,1.501,34.439,0.2,0.0,68,3
2026-09-26 02:43:00.543,2026-09-26 02:43:03.046,6,0.35,2.503,31.926,0.35,0.0,69,3
2026-09-26 02:43:33.707,2026-09-26 02:43:35.208,4,0.2,1.501,33.164,0.2,0.0,70,3
2026-09-26 02:44:05.600,2026-09-26 02:44:08.103,6,0.35,2.503,31.893,0.35,0.0,71,3
2026-09-26 02:44:38.777,2026-09-26 02:44:41.280,6,0.35,2.503,33.177,0.35,0.0,72,3
2026-09-26 02:45:11.953,2026-09-26 02:45:13.455,4,0.2,1.502,33.176,0.2,0.0,73,3
2026-09-26 02:45:43.850,2026-09-26 02:45:45.352,4,0.2,1.502,31.897,0.2,0.0,74,3
2026-09-26 02:46:15.740,2026-09-26 02:46:19.745,9,0.5,4.005,31.89,0.5,0.0,75,3
2026-09-26 02:46:50.217,2026-09-26 02:46:51.719,4,0.2,1.502,34.477,0.2,0.0,76,3
2026-09-26 02:47:22.119,2026-09-26 02:47:23.621,4,0.2,1.502,31.902,0.2,0.0,77,3
2026-09-26 02:47:54.011,2026-09-26 02:47:55.513,4,0.2,1.502,31.892,0.2,0.0,78,3
2026-09-26 02:48:25.897,2026-09-26 02:48:27.399,4,0.2,1.502,31.886,0.2,0.0,79,3
2026-09-26 02:48:57.788,2026-09-26 02:49:00.291,6,0.35,2.503,31.891,0.35,0.0,80,3
2026-09-26 02:49:30.960,2026-09-26 02:49:33.463,6,0.35,2.503,33.172,0.35,0.0,81,3
2026-09-26 02:50:04.128,2026-09-26 02:50:08.134,9,0.5,4.006,33.168,0.5,0.0,82,3
2026-09-26 02:50:38.564,2026-09-26 02:50:41.067,6,0.35,2.503,34.436,0.35,0.0,83,3
2026-09-26 02:51:11.736,2026-09-26 02:51:14.239,6,0.35,2.503,33.172,0.35,0.0,84,3
2026-09-26 02:51:44.907,2026-09-26 02:51:46.409,4,0.2,1.502,33.171,0.2,0.0,85,3
2026-09-26 02:52:16.793,2026-09-26 02:52:20.798,9,0.5,4.005,31.886,0.5,0.0,86,3
2026-09-26 02:52:51.251,2026-09-26 02:52:55.256,9,0.5,4.005,34.458,0.5,0.0,87,3
2026-09-26 02:53:25.694,2026-09-26 02:53:27.196,4,0.2,1.502,34.443,0.2,0.0,88,3
2026-09-26 02:53:57.603,2026-09-26 02:54:01.611,9,0.5,4.008,31.909,0.5,0.0,89,3
2026-09-26 02:54:32.036,2026-09-26 02:54:34.539,6,0.35,2.503,34.433,0.35,0.0,90,3
2026-09-26 02:55:05.214,2026-09-26 02:55:07.717,6,0.35,2.503,33.178,0.35,0.0,91,3
2026-09-26 02:55:38.400,2026-09-26 02:55:39.902,4,0.2,1.502,33.186,0.2,0.0,92,3
2026-09-26 02:56:10.303,2026-09-26 02:56:12.806,6,0.35,2.503,31.903,0.35,0.0,93,3
2026-09-26 02:56:43.477,2026-09-26 02:56:45.981,6,0.35,2.504,33.174,0.35,0.0,94,3
2026-09-26 02:57:16.658,2026-09-26 02:57:18.159,4,0.2,1.501,33.181,0.2,0.0,95,3
2026-09-26 02:57:48.570,2026-09-26 02:57:51.073,6,0.35,2.503,31.912,0.35,0.0,96,3
2026-09-26 02:58:21.739,2026-09-26 02:58:23.241,4,0.2,1.502,33.169,0.2,0.0,97,3
2026-09-26 02:58:53.657,2026-09-26 02:58:55.160,4,0.2,1.503,31.918,0.2,0.0,98,3
2026-09-26 02:59:25.560,2026-09-26 02:59:27.063,4,0.2,1.503,31.903,0.2,0.0,99,3
2026-09-26 02:59:57.446,2026-09-26 03:00:01.451,9,0.5,4.005,31.886,0.5,0.0,100,3
2026-09-26 03:00:31.887,2026-09-26 03:00:33.389,4,0.2,1.502,34.441,0.2,0.0,101,3
2026-09-26 03:01:03.782,2026-09-26 03:01:05.283,4,0.2,1.501,31.895,0.2,0.0,102,3
2026-09-26 03:01:35.669,2026-09-26 03:01:37.171,4,0.2,1.502,31.887,0.2,0.0,103,3
2026-09-26 03:02:07.601,2026-09-26 03:02:10.105,6,0.35,2.504,31.932,0.35,0.0,104,3
2026-09-26 03:02:40.769,2026-09-26 03:02:43.272,6,0.35,2.503,33.168,0.35,0.0,105,3
2026-09-26 03:03:13.940,2026-09-26 03:03:15.442,4,0.2,1.502,33.171,0.2,0.0,106,3
2026-09-26 03:03:45.826,2026-09-26 03:03:49.832,9,0.5,4.006,31.886,0.5,0.0,107,3
2026-09-26 03:04:20.260,2026-09-26 03:04:24.265,9,0.5,4.005,34.434,0.5,0.0,108,3
2026-09-26 03:04:54.712,2026-09-26 03:04:56.214,4,0.2,1.502,34.452,0.2,0.0,109,3
2026-09-26 03:05:26.623,2026-09-26 03:05:29.126,6,0.35,2.503,31.911,0.35,0.0,110,3
2026-09-26 03:05:59.805,2026-09-26 03:06:03.811,9,0.5,4.006,33.182,0.5,0.0,111,3
2026-09-26 03:06:34.262,2026-09-26 03:06:35.764,4,0.2,1.502,34.457,0.2,0.0,112,3
2026-09-26 03:07:06.151,2026-09-26 03:07:10.156,9,0.5,4.005,31.889,0.5,0.0,113,3
2026-09-26 03:07:40.588,2026-09-26 03:07:42.089,4,0.2,1.501,34.437,0.2,0.0,114,3
2026-09-26 03:08:12.503,2026-09-26 03:08:15.006,6,0.35,2.503,31.915,0.35,0.0,115,3
2026-09-26 03:08:45.672,2026-09-26 03:08:49.677,9,0.5,4.005,33.169,0.5,0.0,116,3
2026-09-26 03:09:20.109,2026-09-26 03:09:22.614,6,0.35,2.505,34.437,0.35,0.0,117,3
2026-09-26 03:09:53.272,2026-09-26 03:09:54.774,4,0.2,1.502,33.163,0.2,0.0,118,3
2026-09-26 03:10:25.176,2026-09-26 03:10:27.679,6,0.35,2.503,31.904,0.35,0.0,119,3
2026-09-26 03:10:58.344,2026-09-26 03:11:00.846,6,0.35,2.502,33.168,0.35,0.0,120,3
2026-09-26 03:11:31.511,2026-09-26 03:11:33.013,4,0.2,1.502,33.167,0.2,0.0,121,3
2026-09-26 03:12:03.410,2026-09-26 03:12:04.912,4,0.2,1.502,31.899,0.2,0.0,122,3
2026-09-26 03:12:35.315,2026-09-26 03:12:37.820,6,0.35,2.505,31.905,0.35,0.0,123,3
2026-09-26 03:13:08.479,2026-09-26 03:13:12.484,9,0.5,4.005,33.164,0.5,0.0,124,3
2026-09-26 03:13:42.923,2026-09-26 03:13:45.426,6,0.35,2.503,34.444,0.35,0.0,125,3
2026-09-26 03:14:16.084,2026-09-26 03:14:17.586,4,0.2,1.502,33.161,0.2,0.0,126,3
2026-09-26 03:14:47.979,2026-09-26 03:14:49.481,4,0.2,1.502,31.895,0.2,0.0,127,3
2026-09-26 03:15:19.882,2026-09-26 03:15:21.384,4,0.2,1.502,31.903,0.2,0.0,128,3
2026-09-26 03:15:51.773,2026-09-26 03:15:54.276,6,0.35,2.503,31.891,0.35,0.0,129,3
2026-09-26 03:16:24.937,2026-09-26 03:16:28.942,9,0.5,4.005,33.164,0.5,0.0,130,3
2026-09-26 03:16:59.369,2026-09-26 03:17:03.377,9,0.5,4.008,34.432,0.5,0.0,131,3
2026-09-26 03:17:33.819,2026-09-26 03:17:37.824,9,0.5,4.005,34.45,0.5,0.0,132,3
2026-09-26 03:18:08.268,2026-09-26 03:18:09.770,4,0.2,1.502,34.449,0.2,0.0,133,3
2026-09-26 03:18:40.184,2026-09-26 03:18:41.686,4,0.2,1.502,31.916,0.2,0.0,134,3
2026-09-26 03:19:12.074,2026-09-26 03:19:13.576,4,0.2,1.502,31.89,0.2,0.0,135,3
2026-09-26 03:19:43.965,2026-09-26 03:19:45.467,4,0.2,1.502,31.891,0.2,0.0,136,3
2026-09-26 03:20:15.857,2026-09-26 03:20:18.360,6,0.35,2.503,31.892,0.35,0.0,137,3
2026-09-26 03:20:49.034,2026-09-26 03:20:51.537,6,0.35,2.503,33.177,0.35,0.0,138,3
2026-09-26 03:21:22.202,2026-09-26 03:21:23.703,4,0.2,1.501,33.168,0.2,0.0,139,3
2026-09-26 03:21:54.099,2026-09-26 03:21:58.105,9,0.5,4.006,31.897,0.5,0.0,140,3
2026-09-26 03:22:28.550,2026-09-26 03:22:31.053,6,0.35,2.503,34.451,0.35,0.0,141,3
2026-09-26 03:23:01.725,2026-09-26 03:23:04.228,6,0.35,2.503,33.175,0.35,0.0,142,3
2026-09-26 03:23:34.899,2026-09-26 03:23:37.402,6,0.35,2.503,33.174,0.35,0.0,143,3
2026-09-26 03:24:08.057,2026-09-26 03:24:09.558,4,0.2,1.501,33.158,0.2,0.0,144,3
2026-09-26 03:24:39.947,2026-09-26 03:24:41.449,4,0.2,1.502,31.89,0.2,0.0,145,3
2026-09-26 03:25:11.837,2026-09-26 03:25:13.339,4,0.2,1.502,31.89,0.2,0.0,146,3
2026-09-26 03:25:43.727,2026-09-26 03:25:45.229,4,0.2,1.502,31.89,0.2,0.0,147,3
2026-09-26 03:26:15.611,2026-09-26 03:26:19.616,9,0.5,4.005,31.884,0.5,0.0,148,3
2026-09-26 03:26:50.045,2026-09-26 03:26:54.051,9,0.5,4.006,34.434,0.5,0.0,149,3
2026-09-26 03:27:24.486,2026-09-26 03:27:25.988,4,0.2,1.502,34.441,0.2,0.0,150,3
2026-09-26 03:27:56.376,2026-09-26 03:27:57.878,4,0.2,1.502,31.89,0.2,0.0,151,3
2026-09-26 03:28:28.263,2026-09-26 03:28:32.267,9,0.5,4.004,31.887,0.5,0.0,152,3
2026-09-26 03:29:02.703,2026-09-26 03:29:05.207,6,0.35,2.504,34.44,0.35,0.0,153,3
2026-09-26 03:29:35.865,2026-09-26 03:29:38.368,6,0.35,2.503,33.162,0.35,0.0,154,3
2026-09-26 03:30:09.028,2026-09-26 03:30:13.033,9,0.5,4.005,33.163,0.5,0.0,155,3
2026-09-26 03:30:43.460,2026-09-26 03:30:45.965,6,0.35,2.505,34.432,0.35,0.0,156,3
2026-09-26 03:31:16.624,2026-09-26 03:31:18.127,4,0.2,1.503,33.164,0.2,0.0,157,3
2026-09-26 03:31:48.525,2026-09-26 03:31:52.529,9,0.5,4.004,31.901,0.5,0.0,158,3
2026-09-26 03:32:22.979,2026-09-26 03:32:25.482,6,0.35,2.503,34.454,0.35,0.0,159,3
2026-09-26 03:32:56.142,2026-09-26 03:33:00.147,9,0.5,4.005,33.163,0.5,0.0,160,3
2026-09-26 03:33:30.596,2026-09-26 03:33:32.098,4,0.2,1.502,34.454,0.2,0.0,161,3
2026-09-26 03:34:02.513,2026-09-26 03:34:05.017,6,0.35,2.504,31.917,0.35,0.0,162,3
2026-09-26 03:34:35.692,2026-09-26 03:34:37.194,4,0.2,1.502,33.179,0.2,0.0,163,3
2026-09-26 03:35:07.617,2026-09-26 03:35:11.622,9,0.5,4.005,31.925,0.5,0.0,164,3
2026-09-26 03:35:42.061,2026-09-26 03:35:43.563,4,0.2,1.502,34.444,0.2,0.0,165,3
2026-09-26 03:36:13.952,2026-09-26 03:36:16.456,6,0.35,2.504,31.891,0.35,0.0,166,3
2026-09-26 03:36:47.116,2026-09-26 03:36:48.617,4,0.2,1.501,33.164,0.2,0.0,167,3
2026-09-26 03:37:19.007,2026-09-26 03:37:23.012,9,0.5,4.005,31.891,0.5,0.0,168,3
2026-09-26 03:37:53.460,2026-09-26 03:37:54.961,4,0.2,1.501,34.453,0.2,0.0,169,3
2026-09-26 03:38:25.360,2026-09-26 03:38:29.365,9,0.5,4.005,31.9,0.5,0.0,170,3
2026-09-26 03:38:59.801,2026-09-26 03:39:01.304,4,0.2,1.503,34.441,0.2,0.0,171,3
2026-09-26 03:39:31.696,2026-09-26 03:39:33.197,4,0.2,1.501,31.895,0.2,0.0,172,3
2026-09-26 03:40:03.631,2026-09-26 03:40:07.636,9,0.5,4.005,31.935,0.5,0.0,173,3
2026-09-26 03:40:38.082,2026-09-26 03:40:42.087,9,0.5,4.005,34.451,0.5,0.0,174,3
2026-09-26 03:41:12.533,2026-09-26 03:41:16.538,9,0.5,4.005,34.451,0.5,0.0,175,3
2026-09-26 03:41:46.989,2026-09-26 03:41:48.490,4,0.2,1.501,34.456,0.2,0.0,176,3
2026-09-26 03:42:18.928,2026-09-26 03:42:22.934,9,0.5,4.006,31.939,0.5,0.0,177,3
2026-09-26 03:42:53.368,2026-09-26 03:42:55.872,6,0.35,2.504,34.44,0.35,0.0,178,3
2026-09-26 03:43:26.542,2026-09-26 03:43:29.046,6,0.35,2.504,33.174,0.35,0.0,179,3
2026-09-26 03:43:59.704,2026-09-26 03:44:03.710,9,0.5,4.006,33.162,0.5,0.0,180,3
2026-09-26 03:44:34.143,2026-09-26 03:44:35.645,4,0.2,1.502,34.439,0.2,0.0,181,3
2026-09-26 03:45:06.053,2026-09-26 03:45:08.556,6,0.35,2.503,31.91,0.35,0.0,182,3
2026-09-26 03:45:39.214,2026-09-26 03:45:40.715,4,0.2,1.501,33.161,0.2,0.0,183,3
2026-09-26 03:46:11.106,2026-09-26 03:46:12.608,4,0.2,1.502,31.892,0.2,0.0,184,3
2026-09-26 03:46:42.996,2026-09-26 03:46:44.498,4,0.2,1.502,31.89,0.2,0.0,185,3
2026-09-26 03:47:14.889,2026-09-26 03:47:16.391,4,0.2,1.502,31.893,0.2,0.0,186,3
2026-09-26 03:47:46.788,2026-09-26 03:47:50.794,9,0.5,4.006,31.899,0.5,0.0,187,3
2026-09-26 03:48:21.237,2026-09-26 03:48:23.740,6,0.35,2.503,34.449,0.35,0.0,188,3
2026-09-26 03:48:54.411,2026-09-26 03:48:55.912,4,0.2,1.501,33.174,0.2,0.0,189,3
2026-09-26 03:49:26.315,2026-09-26 03:49:30.322,9,0.5,4.007,31.904,0.5,0.0,190,3
2026-09-26 03:50:00.750,2026-09-26 03:50:04.755,9,0.5,4.005,34.435,0.5,0.0,191,3
2026-09-26 03:50:35.196,2026-09-26 03:50:37.700,6,0.35,2.504,34.446,0.35,0.0,192,3
2026-09-26 03:51:08.365,2026-09-26 03:51:10.868,6,0.35,2.503,33.169,0.35,0.0,193,3
2026-09-26 03:51:41.532,2026-09-26 03:51:44.036,6,0.35,2.504,33.167,0.35,0.0,194,3
2026-09-26 03:52:14.707,2026-09-26 03:52:18.713,9,0.5,4.006,33.175,0.5,0.0,195,3
2026-09-26 03:52:49.146,2026-09-26 03:52:51.649,6,0.35,2.503,34.439,0.35,0.0,196,3
2026-09-26 03:53:22.319,2026-09-26 03:53:24.823,6,0.35,2.504,33.173,0.35,0.0,197,3
2026-09-26 03:53:55.485,2026-09-26 03:53:59.490,9,0.5,4.005,33.166,0.5,0.0,198,3
2026-09-26 03:54:29.933,2026-09-26 03:54:31.434,4,0.2,1.501,34.448,0.2,0.0,199,3
2026-09-26 03:55:01.825,2026-09-26 03:55:05.830,9,0.5,4.005,31.892,0.5,0.0,200,3
2026-09-26 03:55:36.264,2026-09-26 03:55:37.766,4,0.2,1.502,34.439,0.2,0.0,201,3
2026-09-26 03:56:08.154,2026-09-26 03:56:09.656,4,0.2,1.502,31.89,0.2,0.0,202,3
2026-09-26 03:56:40.059,2026-09-26 03:56:41.561,4,0.2,1.502,31.905,0.2,0.0,203,3
2026-09-26 03:57:11.963,2026-09-26 03:57:14.467,6,0.35,2.504,31.904,0.35,0.0,204,3
2026-09-26 03:57:45.150,2026-09-26 03:57:49.155,9,0.5,4.005,33.187,0.5,0.0,205,3
2026-09-26 03:58:19.597,2026-09-26 03:58:23.602,9,0.5,4.005,34.447,0.5,0.0,206,3
2026-09-26 03:58:54.040,2026-09-26 03:58:58.046,9,0.5,4.006,34.443,0.5,0.0,207,3
2026-09-26 03:59:28.481,2026-09-26 03:59:32.486,9,0.5,4.005,34.441,0.5,0.0,208,3
2026-09-26 04:00:02.916,2026-09-26 04:00:04.418,4,0.2,1.502,34.435,0.2,0.0,209,3
2026-09-26 04:00:34.803,2026-09-26 04:00:37.306,6,0.35,2.503,31.887,0.35,0.0,210,3
2026-09-26 04:01:07.961,2026-09-26 04:01:09.463,4,0.2,1.502,33.158,0.2,0.0,211,3
2026-09-26 04:01:39.998,2026-09-26 04:01:41.501,4,0.2,1.503,32.037,0.2,0.0,212,3
2026-09-26 04:02:11.904,2026-09-26 04:02:15.910,9,0.5,4.006,31.906,0.5,0.0,213,3
2026-09-26 04:02:46.338,2026-09-26 04:02:47.840,4,0.2,1.502,34.434,0.2,0.0,214,3
2026-09-26 04:03:18.228,2026-09-26 04:03:19.730,4,0.2,1.502,31.89,0.2,0.0,215,3
2026-09-26 04:03:50.114,2026-09-26 04:03:52.620,6,0.35,2.506,31.886,0.35,0.0,216,3
2026-09-26 04:04:23.277,2026-09-26 04:04:25.780,6,0.35,2.503,33.163,0.35,0.0,217,3
2026-09-26 04:04:56.439,2026-09-26 04:04:58.943,6,0.35,2.504,33.162,0.35,0.0,218,3
