fraction,n_replicates,orders,415_I_mean,415_I_sd,415_I_sem,415_I_cv_pct,415_A_mean,415_A_sd,415_A_sem,445_I_mean,445_I_sd,445_I_sem,445_I_cv_pct,445_A_mean,445_A_sd,445_A_sem,480_I_mean,480_I_sd,480_I_sem,480_I_cv_pct,480_A_mean,480_A_sd,480_A_sem,515_I_mean,515_I_sd,515_I_sem,515_I_cv_pct,515_A_mean,515_A_sd,515_A_sem,555_I_mean,555_I_sd,555_I_sem,555_I_cv_pct,555_A_mean,555_A_sd,555_A_sem,590_I_mean,590_I_sd,590_I_sem,590_I_cv_pct,590_A_mean,590_A_sd,590_A_sem,630_I_mean,630_I_sd,630_I_sem,630_I_cv_pct,630_A_mean,630_A_sd,630_A_sem,680_I_mean,680_I_sd,680_I_sem,680_I_cv_pct,680_A_mean,680_A_sd,680_A_sem
0.0,3,"[18, 23, 34]",0.01759223090277778,0.0014457306433618507,0.0008346929761206554,8.218006296936295,-0.03776494568135282,0.017325894057050577,0.010003109597789089,0.1376727973090278,0.015807521978296418,0.009126477069390362,11.481950165372176,-0.04442704071506806,0.025455859692238517,0.014696947445767253,0.13717068142361113,0.018337586377981593,0.010587210431615687,13.368444472001546,-0.04648661545319598,0.02126993643869789,0.012280203528528457,0.16450086805555555,0.020791279728877097,0.012003850948264002,12.639009127815317,-0.04767854680623015,0.014171374492555936,0.008181846878064166,0.19027560763888887,0.02158958406977721,0.01246475217437793,11.346480159848241,-0.03595836543698767,0.0317769705842628,0.018346442520854947,0.20861707899305557,0.009055112053796303,0.005227971381801521,4.340542057967233,-0.03176307154034443,0.020772107543168338,0.011992781881684096,0.2220282660590278,0.004964701264115871,0.0028663716112833737,2.2360672144311433,-0.03897201813884595,0.019479076949494873,0.0112462503203563,0.11293348524305556,0.0016803510145587937,0.0009701511105885803,1.4879121200787708,-0.03783565459830176,0.01694565721725664,0.009783579755978246
0.05,3,"[10, 27, 35]",0.01956759982638889,0.0017040919113655076,0.0009838579237507398,8.708742648484497,-0.06375143774585924,0.027480333621845092,0.015865778013992988,0.15702311197916666,0.020136629966312346,0.011625888731622317,12.823991138950305,-0.07505492380278585,0.02727510633126487,0.01574728998253144,0.15809190538194448,0.024701108780823804,0.014261191803890853,15.62452468464264,-0.0836950236519064,0.02727944410021979,0.015749794394605245,0.1880501302083333,0.02903590504300193,0.016763887592741576,15.440513128512167,-0.0844603817413242,0.03097729602089846,0.01788475019643245,0.21885335286458332,0.02343640214679981,0.013531013088291195,10.708724285024415,-0.06686546763949436,0.027143615960819746,0.015671373981759103,0.22601562500000003,0.009240335133561185,0.005334909976763907,4.088361206691433,-0.04338815660434084,0.0312896255600783,0.0180650737399538,0.23242702907986112,0.007643763436673329,0.004413128877785165,3.288672348880284,-0.03813331955956758,0.029000187361611078,0.01674326597977574,0.11820041232638889,0.00412790181731038,0.0023832452254124933,3.4922905394880783,-0.0350216112733408,0.02360327212599005,0.013627355515696346
0.1,3,"[8, 30, 31]",0.016781141493055554,0.003304832158063502,0.001908045736084495,19.69372679105961,-0.0012294907012704304,0.0635829097206826,0.036709610043095774,0.13149522569444444,0.03371247207975087,0.01946390483029191,25.637791715790936,-0.008473101188906615,0.08564177623236342,0.049445302561632716,0.13287217881944446,0.03682694375179654,0.02126204588853094,27.716068238663745,-0.01903647270516304,0.09780305070436718,0.05646661765173301,0.15882161458333333,0.041708121666321964,0.02408019527144465,26.26098580835029,-0.02283383407696769,0.09055921759803555,0.052284388657827724,0.18096842447916664,0.04655971550776309,0.026881264281799416,25.728088003066592,0.01327054597792377,0.08965052582891572,0.05175975522031599,0.19684814453125,0.03329740279565186,0.019224264467385,16.9152738904104,0.016823141180407616,0.054389211421174276,0.03140162585502644,0.21181586371527775,0.027411512055222492,0.015826043863977377,12.941198819777242,0.0019675703140130466,0.036685089886412385,0.02118014652116581,0.10856336805555555,0.013553697116454448,0.00782523067869963,12.48459527298247,0.0006380869080507834,0.03754166682742106,0.021674691448638792
0.2,3,"[4, 11, 15]",0.019061414930555555,0.002332564944571972,0.0013467069986509126,12.237102823006373,-0.09620206619324652,0.07084947267253824,0.040904962119432994,0.15217854817708334,0.026105914005922815,0.01507225647876076,17.154792392646918,-0.12221868694577416,0.09264291256576866,0.0534874105083575,0.15422227647569445,0.030217453383772463,0.017446054845346,19.59344270769778,-0.13019195707890974,0.09617753778997137,0.05552812733303538,0.18375135633680553,0.03312969826555515,0.019127440211789346,18.029634679175018,-0.1298669450056259,0.09178301936077692,0.05299095093498119,0.21024522569444445,0.035996365700144424,0.020782511426826595,17.12113346747716,-0.10381091210087638,0.09429985180936307,0.054444044826677584,0.2197781032986111,0.017935112955949066,0.010354842293063538,8.160554981030455,-0.061449392544191385,0.054883654132035,0.03168709248724073,0.22959011501736112,0.012252240780846819,0.007073834512998022,5.336571559241707,-0.05516262927032284,0.039623895047693425,0.02287686647212728,0.11700222439236109,0.006401175907701115,0.003695720633441386,5.470986505551461,-0.052964278155775424,0.037005168529228145,0.02136494401175734
0.35,3,"[3, 19, 22]",0.01934651692708333,0.002477673468249724,0.0014304854438579719,12.806819323540408,-0.09119822150549424,0.06719258292292495,0.03879365583809697,0.15631157769097223,0.025248560168995408,0.014577263010219962,16.152712768923475,-0.12005934152232069,0.0910503758984656,0.052567959034795726,0.15848497178819446,0.03040033723344245,0.0175516428851834,19.181842221652822,-0.12906022806283268,0.10904846854814412,0.06295916267098745,0.18873453776041668,0.033873674132537744,0.01955697487886233,17.947787688725867,-0.12489589146205482,0.10375490884704046,0.0599029245525839,0.21410536024305551,0.038474704070014985,0.022213380751814345,17.969986377892614,-0.10235266626730859,0.09229214107442721,0.05328489249340747,0.22234293619791667,0.023808543235023544,0.013745868845753687,10.708027717071511,-0.0637817365510178,0.0437644937927663,0.02526744227220133,0.23441379123263886,0.014226030466132834,0.00821340251912161,6.068768561494115,-0.06437706414774023,0.020817111654152964,0.01201876501727571,0.1200442165798611,0.006435483397163951,0.0037155280717179745,5.3609274819854855,-0.06660200203781581,0.018402720432202018,0.010624815595353262
0.5,2,"[12, 24]",0.017388916015625,0.0007992930656478813,0.0005651855468750012,4.5965663698051555,-0.018331718727456807,0.09198464503068303,0.06504296626623343,0.1345491536458333,0.006001891054504973,0.0042439778645833445,4.460742332354937,-0.014452651616796396,0.1157331742875167,0.08183571234694763,0.13231648763020834,0.003400304337590592,0.002404378255208339,2.5698266319565533,-0.007744733949279506,0.10520585465033172,0.07439177324377583,0.15800008138020832,0.003614369867051365,0.00255574544270834,2.2875746869736195,-0.007168407818479737,0.10738903300619522,0.0759355134637466,0.18874104817708331,0.01355287997274216,0.009583333333333333,7.180674317346369,-0.015563820029809466,0.11131784732497763,0.07871360471058045,0.21076009114583333,0.0028403963801568875,0.002008463541666658,1.3476917592484357,-0.026872599165697113,0.0488118191227304,0.03451516830373386,0.22368082682291668,0.0063172348989794305,0.004466959635416669,2.8242183242556815,-0.03175297730679079,0.019847879243786885,0.01403457000545343,0.11379679361979167,0.0035982574078446254,0.0025443522135416632,3.16200245489062,-0.028716125202791418,0.01480925016594179,0.010471721216625443
0.7,3,"[7, 16, 36]",0.018846842447916668,0.0016252079936536021,0.0009383142726250389,8.623237543078483,-0.07215333868734425,0.06100006271249952,0.035218402627645654,0.1497821723090278,0.01946425966263204,0.011237695555797384,12.9950443117314,-0.0880705785860999,0.0937462129805394,0.05412440129982241,0.1485831705729167,0.02391711098449859,0.013808550465138417,16.09678329805282,-0.0902724505412964,0.10567743744134736,0.06101289695403174,0.1763983832465278,0.02741154656837044,0.015826063790152636,15.539567916595406,-0.08939095319403463,0.1000943935557774,0.057789525063800425,0.2099590386284722,0.022192965691457976,0.012813114716079392,10.570140650495636,-0.07895453457695417,0.07760484037017651,0.04480517547813934,0.22553629557291668,0.01007864251726065,0.005818906970406444,4.468745259674707,-0.055208462996490376,0.048880809875857495,0.028221348740033243,0.23387152777777778,0.01019712112427098,0.0058873106260570705,4.360137901848478,-0.05012408769484086,0.04346373638269109,0.025093799900533634,0.1186813693576389,0.0048278379285236015,0.002787353527636987,4.067898739839455,-0.047132535747655586,0.04202090339731538,0.024260779888031297
0.85,3,"[14, 28, 32]",0.016555447048611113,0.0009583411331596487,0.0005532985112052143,5.788675656692985,0.0023052122098302214,0.05261702171220621,0.03037845164949864,0.12861599392361112,0.0056777493108598415,0.003278050093016142,4.414497091420859,-0.0009096630316826568,0.06009749305495698,0.03469730379290108,0.1275808376736111,0.0015439831653572815,0.000891419096143277,1.2101998964039093,-0.001440624416096484,0.05673985209925945,0.032758768883287,0.15226996527777778,0.003303586464624969,0.0019073265346424301,2.169558821792871,-0.003244594010917269,0.05264127853331585,0.030392456331695974,0.17923936631944445,0.010076556164414673,0.005817702414029195,5.621843220788901,0.00921914839544908,0.06388831925191997,0.03688593831816875,0.1990020073784722,0.016213083502212067,0.009360628124396017,8.147195958369,0.00987258762509284,0.04359079509595777,0.025167157282841038,0.21290934244791668,0.020042392701039722,0.011571480821149475,9.41358066799846,0.0015841515230668156,0.03160266847355524,0.018245809150317618,0.10897515190972222,0.009550894913029205,0.005514211749039239,8.764286854072393,-8.670330728387012e-05,0.02800208963924658,0.016167013991091043
1.0,3,"[6, 20, 26]",0.019009874131944444,0.0025132598938936747,0.0014510312762830034,13.2208129125398,-0.05805119069987744,0.1251915800056942,0.07227939241656212,0.15294270833333332,0.027919802145641732,0.016119505284507347,18.255072405800146,-0.07595181059008325,0.17330158957004568,0.10005571938925592,0.15458089192708332,0.032120952153684046,0.018545040372556575,20.779380784551094,-0.08395040126765956,0.18801069815788443,0.10854802719198406,0.18438802083333336,0.035752111015074244,0.0206414909186505,19.38960614333523,-0.08189775966537748,0.17938061685801512,0.10356544743037616,0.21044108072916667,0.03849053536985432,0.022222520957038205,18.29040947541552,-0.06334902142160952,0.1629385088465598,0.09407259194391752,0.220185546875,0.020614451591246776,0.011901759175402836,9.36230914509101,-0.041234008143825766,0.08813032588526253,0.050882067373625765,0.22998046875,0.013615838176646192,0.007861107836529062,5.920432396129809,-0.04078445306292477,0.06470363163963182,0.03735665914468782,0.11704020182291668,0.006970836118084585,0.004024614109252901,5.955933097784254,-0.03994791556028767,0.0637985316989676,0.03683409945030182
