order,type,fraction,replicate,record_start,record_end,start_dt,end_dt,midpoint_dt,n_samples,status,415_mean,415_sd,415_cv_pct,445_mean,445_sd,445_cv_pct,480_mean,480_sd,480_cv_pct,515_mean,515_sd,515_cv_pct,555_mean,555_sd,555_cv_pct,590_mean,590_sd,590_cv_pct,630_mean,630_sd,630_cv_pct,680_mean,680_sd,680_cv_pct,415_blank_local,415_ratio,415_A,445_blank_local,445_ratio,445_A,480_blank_local,480_ratio,480_A,515_blank_local,515_ratio,515_A,555_blank_local,555_ratio,555_A,590_blank_local,590_ratio,590_A,630_blank_local,630_ratio,630_A,680_blank_local,680_ratio,680_A
1,blank,0.0,,9.16 pm,9.19 pm,2026-09-22 21:16:00,2026-09-22 21:18:00,2026-09-22 21:17:00,0,SKIPPED_PRE_RECORDING,,,,,,,,,,,,,,,,,,,,,,,,,0.015818684895833334,,,0.11764648437499999,,,0.11388834635416667,,,0.13732503255208336,,,0.17060953776041665,,,0.19947509765624996,,,0.209970703125,,,0.10680501302083334,,
2,sample,0.5,2.0,9.24 pm,9.27 pm,2026-09-22 21:24:00,2026-09-22 21:26:00,2026-09-22 21:25:00,0,SKIPPED_PRE_RECORDING,,,,,,,,,,,,,,,,,,,,,,,,,0.015818684895833334,,,0.11764648437499999,,,0.11388834635416667,,,0.13732503255208336,,,0.17060953776041665,,,0.19947509765624996,,,0.209970703125,,,0.10680501302083334,,
3,sample,0.35,1.0,9.32 pm,9.35 pm,2026-09-22 21:32:00,2026-09-22 21:34:00,2026-09-22 21:33:00,24,VALID,0.02118245442708333,5.8729227059468375e-05,0.2772541173716806,0.17504150390624998,0.00019465859456202787,0.11120710815320951,0.18061848958333335,0.0002914456938229101,0.1613598333676927,0.21312337239583332,0.0004620112836271071,0.21678114344447175,0.2414510091145833,0.0002817707738171417,0.11669894230320826,0.24078369140625,0.0005445137939168026,0.22614230670552327,0.24723063151041666,0.0006584183887996365,0.26631748047445936,0.12600992838541666,0.00032730102281321226,0.2597422496837887,0.015818684895833334,1.3390780944541616,-0.12680590561657018,0.11764648437499999,1.4878600481447664,-0.17256208230062253,0.11388834635416667,1.5859260000285826,-0.20028291909191476,0.13732503255208336,1.5519630211265514,-0.19088136904071795,0.17060953776041665,1.4152257387488374,-0.15082571849899676,0.19947509765624996,1.2070864696163028,-0.0817383818886635,0.209970703125,1.1774529866827899,-0.0709435756464946,0.10680501302083334,1.179812864784139,-0.07181312744450467
4,sample,0.2,1.0,9.39 pm,9.42 pm,2026-09-22 21:39:00,2026-09-22 21:41:00,2026-09-22 21:40:00,24,VALID,0.016381022135416666,6.26905549447211e-05,0.38270233949065174,0.12216552734375001,9.020714919000662e-05,0.07384010133741023,0.11952555338541666,6.135347811187239e-05,0.051330846312030665,0.14570393880208332,9.832973720091304e-05,0.06748598425638928,0.16903889973958333,0.00011078214090184686,0.06553647774122688,0.19988688151041667,0.0005908697292447529,0.29560205491222347,0.21735677083333335,0.001297637337053188,0.5970080122547465,0.11049723307291666,0.0007520656978893833,0.6806194842843697,0.015818684895833334,1.0355489247865006,-0.015170622073382014,0.11764648437499999,1.0384120527932268,-0.01636972031840085,0.11388834635416667,1.0494976633844482,-0.020981476000486752,0.13732503255208336,1.0610151411893682,-0.02572158153383117,0.17060953776041665,0.990793961220158,0.004016649055069287,0.19947509765624996,1.0020643371478697,-0.0008956061333256289,0.209970703125,1.0351766584499946,-0.015014470800810274,0.10680501302083334,1.0345697261547369,-0.01475976582223395
5,blank,0.0,,9.52 pm,9.55 pm,2026-09-22 21:52:00,2026-09-22 21:54:00,2026-09-22 21:53:00,24,VALID,0.015818684895833334,0.003732368558020113,23.594683013144945,0.11764648437499999,0.03051735427907035,25.939877796769355,0.11388834635416667,0.026710215768044675,23.452984105135762,0.13732503255208336,0.03328517549351553,24.238243293983153,0.17060953776041665,0.029753915190668386,17.43977246597501,0.19947509765624996,0.03554872604048806,17.821134797361132,0.209970703125,0.03762982526775212,17.92146461754252,0.10680501302083334,0.018072058105978953,16.920608494709725,0.015818684895833334,1.0,-0.0,0.11764648437499999,1.0,-0.0,0.11388834635416667,1.0,-0.0,0.13732503255208336,1.0,-0.0,0.17060953776041665,1.0,-0.0,0.19947509765624996,1.0,-0.0,0.209970703125,1.0,-0.0,0.10680501302083334,1.0,-0.0
6,sample,1.0,3.0,10.00 pm,10.03 pm,2026-09-22 22:00:00,2026-09-22 22:02:00,2026-09-22 22:01:00,24,VALID,0.020703938802083332,2.1145241056998224e-05,0.10213148937085578,0.17209391276041663,0.0001489660888706615,0.08656092855419419,0.17594401041666666,0.0001873961820069911,0.1065089863321881,0.20778076171875,0.0001667072688970092,0.08023229269063056,0.23523600260416666,0.00024072279261330273,0.10233246184614382,0.2343196614583333,0.00020538454613808338,0.08765143516332916,0.2396435546875,0.00022720652584834952,0.09481019681277528,0.12186360677083334,0.0001545333547732954,0.1268084532110543,0.015514610140931372,1.3344801199651952,-0.12531210839424572,0.1151644837622549,1.494331473891609,-0.1744469437407428,0.11199726179534314,1.5709670718394513,-0.19616708213208214,0.13462148628982845,1.5434442706375708,-0.1884909529684041,0.16752915326286763,1.4041496540907192,-0.14741339731098543,0.19479142731311272,1.2029259433562334,-0.08023889136167793,0.20507486979166664,1.168566167716948,-0.06765330847901024,0.10476801853553921,1.1631756377018336,-0.06564529746745502
7,sample,0.7,2.0,10.07 pm,10.10 pm,2026-09-22 22:07:00,2026-09-22 22:09:00,2026-09-22 22:08:00,24,VALID,0.020723470052083335,2.963693416629085e-05,0.14301144592004003,0.17225504557291668,0.00011817113882797046,0.06860242522065796,0.17613118489583335,0.00011062295538083189,0.06280713744488575,0.20799235026041665,0.00014829655407324038,0.07129904243476541,0.23558105468749999,0.00019276962172312047,0.0818273022755717,0.23452799479166667,0.0001450955067148543,0.06186703077547052,0.23982666015624998,0.00013300623507691737,0.05545932007319878,0.12191162109375002,9.625566634951988e-05,0.07895528374239179,0.015248544730392158,1.3590457593490217,-0.13323407976281612,0.11299273322610294,1.524478970061088,-0.18312143772113093,0.11034256280637254,1.5962216248765735,-0.203093190134239,0.1322558833103554,1.5726510235641913,-0.19663236193999908,0.16483381682751225,1.4292034196721906,-0.15509404667326934,0.19069321576286763,1.2298706792134064,-0.08985944781607065,0.20079101562499999,1.1944093186129079,-0.0771531830344319,0.10298564836090686,1.1837729143241227,-0.07326839874265491
8,sample,0.1,1.0,10.19 pm,10.22 pm,2026-09-22 22:19:00,2026-09-22 22:21:00,2026-09-22 22:20:00,24,VALID,0.013819173177083333,0.005259650036741949,38.06052626552328,0.10390299479166666,0.04469321295102883,43.01436454323775,0.10539632161458334,0.040940993613943134,38.844803107699974,0.12608642578124998,0.05058249500824944,40.117320080121935,0.14428873697916667,0.05766581286769552,39.965567704720904,0.16555501302083334,0.06822982287078176,41.212779743610525,0.18336588541666665,0.07689362278012403,41.9345303001138,0.09471354166666666,0.03733680072423022,39.42076293127414,0.014792432598039217,0.9342055869103711,0.029557539791663864,0.10926973230698529,0.950885415366067,0.02187181373812117,0.10750593596813725,0.9803767639939515,0.008606990554184988,0.12820056391697304,0.9835091354427096,0.0072216017294616745,0.16021324008118873,0.9006043252483237,0.04546597162250954,0.18366771024816178,0.9013833340500866,0.04509047599323607,0.19344726562499998,0.9478856412068589,0.02324405547698445,0.09993015663296569,0.9477973902766993,0.023284491447958827
9,blank,0.0,,10.26 pm,10.29 pm,2026-09-22 22:26:00,2026-09-22 22:28:00,2026-09-22 22:27:00,24,VALID,0.0145263671875,0.005644980065981963,38.86023252144894,0.10709798177083334,0.04628658686906143,43.218916083876145,0.10585123697916667,0.04112505818648516,38.851750211080926,0.1258349609375,0.05046313213609759,40.1026326548166,0.15751790364583335,0.05852459486604869,37.15424946083377,0.1795694986979167,0.06824788158332988,38.00638865631676,0.1891634114583333,0.07241083055708485,38.279511877504206,0.09814778645833333,0.03544518134434995,36.11409143638455,0.0145263671875,1.0,-0.0,0.10709798177083334,1.0,-0.0,0.10585123697916667,1.0,-0.0,0.1258349609375,1.0,-0.0,0.15751790364583335,1.0,-0.0,0.1795694986979167,1.0,-0.0,0.1891634114583333,1.0,-0.0,0.09814778645833333,1.0,-0.0
10,sample,0.05,3.0,10.34 pm,10.37 pm,2026-09-22 22:34:00,2026-09-22 22:36:00,2026-09-22 22:35:00,24,VALID,0.017618001302083332,2.4079168209079946e-05,0.1366736657366042,0.13421061197916667,6.462829936274929e-05,0.048154388397231546,0.12999186197916668,7.237608760344885e-05,0.05567739895521175,0.15483072916666665,8.747290276592605e-05,0.056495828209764704,0.19227213541666666,0.00012835524667924973,0.06675707137755311,0.21638509114583335,0.00015908149735913946,0.07351777172666948,0.22508056640625,0.00018656644752953843,0.08288874091102247,0.11398844401041668,0.00011388274511434839,0.09990727227046049,0.014619683159722223,1.2050877648717853,-0.08101867712792218,0.10840856481481481,1.238007460097155,-0.09272326170289338,0.10766077112268518,1.207420870421168,-0.08185867841691778,0.12799768518518517,1.2096369472827562,-0.08265504349771037,0.15819191261574075,1.215435936246053,-0.08473207279016673,0.18121844256365743,1.1940566759358544,-0.07702494108316252,0.19176034432870367,1.1737597113427731,-0.06957919851389528,0.09926956741898148,1.1482717913871032,-0.06004469601408104
11,sample,0.2,2.0,10.43 pm,10.45 pm,2026-09-22 22:43:00,2026-09-22 22:45:00,2026-09-22 22:44:00,24,VALID,0.020630696614583333,2.6692535734242194e-05,0.12938261966090808,0.1696207682291667,0.00013031090276255952,0.07682485118007634,0.17476399739583334,0.00021633749700828185,0.12378836615775402,0.206220703125,0.00019309199714491893,0.09363366248823081,0.2355672200520833,0.00029679225813188,0.12599047442435327,0.23471598307291663,0.0002908368518376185,0.12391011810527934,0.24186116536458335,0.00030089918452739475,0.12440987955789308,0.12329427083333333,0.00020554599084751538,0.16671171292733322,0.014724663628472223,1.401097990088613,-0.14646851006562434,0.10988297073929398,1.5436492760248113,-0.18854863357135576,0.10969649703414353,1.5931593270607107,-0.20225921045473122,0.130430749963831,1.5810742726096865,-0.1989522718467553,0.15895017270688658,1.4820192771132312,-0.17085385269152448,0.18307350441261575,1.2820860332902557,-0.10791716912161109,0.19468189380787035,1.2423403154444026,-0.09424057883143115,0.10053157099971065,1.2264233972200453,-0.08864042722354518
12,sample,0.5,1.0,10.51 pm,10.54 pm,2026-09-22 22:51:00,2026-09-22 22:53:00,2026-09-22 22:52:00,24,VALID,0.0179541015625,2.3920798269366893e-05,0.13323305644727604,0.13879313151041667,0.00014604260453232216,0.10522322174232478,0.13472086588541668,0.000123456520094605,0.09163875193587884,0.16055582682291666,0.00015550296610566532,0.09685289483587267,0.19832438151041665,0.0002175654529238836,0.10970181843852433,0.2127685546875,0.0002142833290994103,0.1007119352829816,0.2192138671875,0.000180781647802632,0.08246816231201477,0.11125244140625,0.00016057537491338708,0.14433424820497123,0.014817979600694444,1.2116430205949658,-0.08337468499369023,0.11119355378327546,1.2482120301769908,-0.09628836396374403,0.11150603117766204,1.2081935341306027,-0.08213650719305535,0.13259347421151618,1.2108878493280468,-0.08310392128222634,0.15962418167679399,1.2424457211124977,-0.09427742474038993,0.1847224482783565,1.1518283601724524,-0.061387767469430976,0.19727882667824073,1.1111880118033906,-0.04578754731224422,0.10165335196035881,1.0944296401522942,-0.03918784641941686
13,blank,0.0,,11.02 pm,11.05 pm,2026-09-22 23:02:00,2026-09-22 23:04:00,2026-09-22 23:03:00,24,VALID,0.0149462890625,0.005104369661840952,34.15141805766177,0.11299560546875,0.04303255122052606,38.08338478475353,0.113994140625,0.03947526989624585,34.62920960657564,0.13556722005208333,0.04832967338497657,35.64997007861405,0.16055094401041667,0.05782223611052672,36.01488391545998,0.18698974609375,0.0691559096711173,36.98379783693861,0.200849609375,0.0748416757620803,37.26254484386164,0.10319580078125001,0.03632760581224699,35.20260082021426,0.0149462890625,1.0,-0.0,0.11299560546875,1.0,-0.0,0.113994140625,1.0,-0.0,0.13556722005208333,1.0,-0.0,0.16055094401041667,1.0,-0.0,0.18698974609375,1.0,-0.0,0.200849609375,1.0,-0.0,0.10319580078125001,1.0,-0.0
14,sample,0.85,2.0,11.10 pm,11.13 pm,2026-09-22 23:10:00,2026-09-22 23:12:00,2026-09-22 23:11:00,24,VALID,0.015690104166666666,0.006427146941592373,40.963061005335625,0.12285563151041667,0.05680942186091984,46.24079593461948,0.12593505859375,0.05441955580588339,43.21239566928995,0.14863688151041668,0.06531202105679916,43.94065617706195,0.17024576822916668,0.07387864519844178,43.39529021302558,0.18107828776041665,0.07621130267451565,42.087488023605715,0.19017008463541665,0.08028187177157564,42.21582586214205,0.09830485026041665,0.039142913994198225,39.81788679857181,0.01500634765625,1.0455644855150272,-0.01935082322704411,0.11327718098958332,1.0845576349725208,-0.035252636004835095,0.11428401692708334,1.1019481287055248,-0.042161151732498806,0.13598291015625,1.0930556004399872,-0.0386422537613458,0.16137288411458334,1.0549837363524044,-0.023245764594043778,0.18798453776041665,0.9632616060752724,0.01625574958817016,0.20128906249999998,0.9447611423766091,0.02467797737428119,0.10317415364583335,0.9528050077141258,0.020995968971860984
15,sample,0.2,3.0,11.17 pm,11.20 pm,2026-09-22 23:17:00,2026-09-22 23:19:00,2026-09-22 23:18:00,24,VALID,0.020172526041666666,3.48752102157181e-05,0.1728846954698822,0.16474934895833332,0.0001780468677961495,0.10807136351183959,0.16837727864583332,0.00025380280257480503,0.1507345911609943,0.19932942708333332,0.00023207563972380986,0.11642818780931245,0.2261295572916667,0.0003296835290646244,0.1457940894650015,0.2247314453125,0.0003030287072864659,0.1348403677398549,0.22955240885416664,0.0002990989458785633,0.1302965834127139,0.11721516927083332,0.00020402743159385998,0.174062310247952,0.01505889892578125,1.3395751004829939,-0.1269670664407332,0.11352355957031249,1.4512348765481882,-0.16173770694756592,0.11453765869140625,1.4700604200360405,-0.16733518478151124,0.13634663899739582,1.4619313578176316,-0.16492698163629121,0.16209208170572917,1.3950685000282412,-0.14459553266617398,0.18885498046875,1.189968327839183,-0.07553540237763744,0.201673583984375,1.1382373651471955,-0.0562328381787271,0.10315521240234377,1.1362990443337995,-0.05549264142154714
16,sample,0.7,1.0,11.32 pm,11.35 pm,2026-09-22 23:32:00,2026-09-22 23:34:00,2026-09-22 23:33:00,24,VALID,0.01790690104166667,2.4883674112132518e-05,0.13896136497449751,0.13883707682291668,8.884859991845819e-05,0.06399486502570377,0.13649983723958334,8.24586044548318e-05,0.0604093060639341,0.16226236979166667,7.889957955375367e-05,0.04862469323913802,0.19755045572916666,0.00011372789960767339,0.05756903935650219,0.22743896484375004,0.0001664583590621792,0.07318814486186906,0.23969075520833336,0.00017673791105484688,0.07373580633146681,0.12100097656250001,0.00010545459597054745,0.0871518552712486,0.0151715087890625,1.1802979710611365,-0.07199166057015606,0.114051513671875,1.2173190197400579,-0.0854044076110089,0.11508117675781251,1.1861178438142514,-0.07412783942941918,0.13712605794270832,1.1833080614004114,-0.07309782319891131,0.16363321940104164,1.2072759825436101,-0.08180656089689343,0.19072021484374999,1.1925267860571696,-0.07646814276973761,0.20249755859375,1.1836723211522775,-0.07323149224207685,0.1031146240234375,1.1734608714181707,-0.06946861280083391
17,blank,0.0,,11.42 pm,11.45 pm,2026-09-22 23:42:00,2026-09-22 23:44:00,2026-09-22 23:43:00,24,VALID,0.015246582031249999,0.0036962973355921577,24.24344897771894,0.11440348307291666,0.0305951209707225,26.743172628076607,0.11544352213541668,0.02820412088043524,24.43109873878541,0.13764567057291666,0.03458874112480351,25.128826050856723,0.16466064453124998,0.041508643956135925,25.20860043655316,0.19196370442708333,0.04923559803564539,25.64838920075505,0.203046875,0.05252033290084379,25.86611239441326,0.10308756510416667,0.024951708329117438,24.204382268515644,0.015246582031249999,1.0,-0.0,0.11440348307291666,1.0,-0.0,0.11544352213541668,1.0,-0.0,0.13764567057291666,1.0,-0.0,0.16466064453124998,1.0,-0.0,0.19196370442708333,1.0,-0.0,0.203046875,1.0,-0.0,0.10308756510416667,1.0,-0.0
18,sample,0.0,2.0,11.47 pm,11.50 pm,2026-09-22 23:47:00,2026-09-22 23:49:00,2026-09-22 23:48:00,24,VALID,0.017010091145833333,2.4378654123861982e-05,0.14331877421969957,0.13139811197916665,6.254156085321185e-05,0.04759700113737395,0.12962646484374998,7.819131441648887e-05,0.0603204866465653,0.15462483723958334,8.083347823812447e-05,0.05227716302321928,0.18465006510416662,8.482572493324337e-05,0.04593863797740371,0.21462727864583334,0.00014851308799598544,0.06919581188980825,0.2274495442708333,0.00019066452011859555,0.08382717174916106,0.11475667317708332,0.00012993648733945577,0.1132278269682393,0.015128417968749999,1.1243800363640277,-0.050913126001651,0.11329150390625,1.159823176925077,-0.06439178307239363,0.11405566406250002,1.136519311945065,-0.05557681973535724,0.13637613932291665,1.133811515762715,-0.05454086366818464,0.16252294921875,1.136147639405893,-0.05543477047100685,0.18911816406249998,1.1348845295204064,-0.054951675852292076,0.20033593749999998,1.13534070376581,-0.05512620827958324,0.10185709635416666,1.1266438695450696,-0.051786657897388816
19,sample,0.35,3.0,11.54 pm,11.57 pm,2026-09-22 23:54:00,2026-09-22 23:56:00,2026-09-22 23:55:00,24,VALID,0.020328776041666666,0.00010167783654523649,0.5001670358157991,0.16629557291666666,0.0001837316154813863,0.11048497098203397,0.17101399739583334,0.00044723601998011164,0.2615201251304171,0.20302246093749998,0.0007111290073676758,0.35027110009596196,0.23075520833333332,0.00020962082354239114,0.09084121006689787,0.23078043619791666,0.0005338759567867662,0.23133501503953985,0.23690348307291664,0.0005710280176498919,0.2410382533186035,0.1208984375,0.0002585987270472054,0.21389749313112952,0.014962988281249999,1.3586040207717394,-0.13309289554573972,0.11173473307291666,1.4883068884958475,-0.17269249185382013,0.11211266276041668,1.525376288326039,-0.18337699108298458,0.13459879557291665,1.5083527313401253,-0.17850291405457974,0.15953017578124998,1.44646746111374,-0.16030866845915187,0.18513440755208332,1.2465561601940032,-0.09571184923605057,0.196540625,1.2053664888514355,-0.0811191132068801,0.10013444010416667,1.2073611973486167,-0.08183721421401649
20,sample,1.0,1.0,12.01 am,12.03 am,2026-09-23 00:01:00,2026-09-23 00:03:00,2026-09-23 00:02:00,24,VALID,0.020203450520833333,3.773063465086554e-05,0.18675341923380157,0.16582682291666667,0.00019494417262499918,0.11755889016999675,0.17015706380208337,0.00027188510014959085,0.1597847859350885,0.2021500651041667,0.0002117659251582763,0.10475679295436023,0.22998779296875002,0.0002679112381737393,0.1164893295924372,0.22970540364583333,0.00025717847729641116,0.1119601338124969,0.23588948567708332,0.00026108674900183175,0.11068180858185504,0.12020914713541668,0.00021950078350777585,0.1825990689880748,0.01479755859375,1.3653232317232793,-0.1352354800476231,0.11017796223958333,1.505081592960253,-0.1775600443895815,0.11016966145833333,1.5445001967845526,-0.18878796797087177,0.13282145182291666,1.5219684947705734,-0.18240566249440512,0.15653740234375,1.469219429511842,-0.167086662985252,0.18115065104166667,1.2680352089543334,-0.10313131256960091,0.1927453125,1.2238403238837952,-0.08772475851229881,0.09841178385416666,1.2214913949080615,-0.08689041182758181
21,blank,0.0,,12.07 am,12.10 am,2026-09-23 00:07:00,2026-09-23 00:09:00,2026-09-23 00:08:00,24,VALID,0.014655761718749999,0.005088773757575837,34.72200118445882,0.10884358723958333,0.04286145740991512,39.37894596910862,0.10850423177083333,0.039633220751335095,36.52688941666584,0.13129801432291666,0.049000739720460776,37.32024431073839,0.15397216796875,0.056923873268426003,36.970235607762056,0.17773600260416667,0.06526997636194976,36.72299106856341,0.1894921875,0.06990265255456925,36.889464139290304,0.09693522135416666,0.03364623745227007,34.710022819609335,0.014655761718749999,1.0,-0.0,0.10884358723958333,1.0,-0.0,0.10850423177083333,1.0,-0.0,0.13129801432291666,1.0,-0.0,0.15397216796875,1.0,-0.0,0.17773600260416667,1.0,-0.0,0.1894921875,1.0,-0.0,0.09693522135416666,1.0,-0.0
22,sample,0.35,2.0,12.15 am,12.18 am,2026-09-23 00:15:00,2026-09-23 00:17:00,2026-09-23 00:16:00,24,VALID,0.0165283203125,2.4604387218836514e-05,0.14886199416300497,0.12759765625,6.863178448089869e-05,0.0537876529224248,0.12382242838541667,8.295992797769969e-05,0.06699911240593179,0.15005777994791666,9.151533901889926e-05,0.06098673394386028,0.17010986328125,0.00010331956604943594,0.06073696378123192,0.19546468098958333,0.00016512450321115628,0.08447792326223685,0.2191072591145833,0.00046514404914363335,0.21229056993514933,0.11322428385416668,0.0003684661274829731,0.32543030076265167,0.016015218098958332,1.0320384156101527,-0.013695863354172806,0.12328755696614582,1.0349597265929904,-0.014923450412519426,0.12282267252604168,1.0081398315051564,-0.0035207740135987115,0.14823649088541666,1.0122863746410984,-0.005303391290866754,0.17171407063802083,0.9906576825602571,0.004076388156222934,0.18930989583333332,1.0325116926886306,-0.013894978528339319,0.199337158203125,1.0991792051701295,-0.041068503589846,0.1018084716796875,1.11213027743306,-0.04615566445492631
23,sample,0.0,3.0,12.23 am,12.26 am,2026-09-23 00:23:00,2026-09-23 00:25:00,2026-09-23 00:24:00,24,VALID,0.01923828125,2.7621358640098924e-05,0.1435749809515802,0.15565429687500001,0.00016682537096850022,0.10717684915725215,0.15807698567708334,0.00019590426374098904,0.12392965547886808,0.18838948567708336,0.00016522491592160587,0.08770389458189633,0.21412109375,0.00015389702507666018,0.0718738272728724,0.21302164713541663,0.00012224144480794402,0.05738451770126246,0.21770345052083337,0.000132331673713905,0.06078528998842917,0.11144694010416667,8.770959365434428e-05,0.07870076430305248,0.017374674479166668,1.1072599531615923,-0.044249592848175014,0.13773152669270833,1.1301283054988494,-0.05312775251607278,0.13714111328125,1.1526593440502257,-0.06170097524020644,0.16517496744791665,1.1405450147068246,-0.057112430562236444,0.18945597330729166,1.1301891938909854,-0.053151150549959766,0.20088378906249998,1.0604222875801106,-0.02547884700460304,0.20918212890625,1.0407363748477882,-0.017340733882951594,0.10668172200520834,1.0446676151208516,-0.018978131709238056
24,sample,0.5,3.0,12.31 am,12.34 am,2026-09-23 00:31:00,2026-09-23 00:33:00,2026-09-23 00:32:00,24,VALID,0.01682373046875,2.498068685475684e-05,0.14848482565242202,0.13030517578124998,5.952400697158108e-05,0.04568046251018233,0.129912109375,8.772535034066004e-05,0.06752669228657887,0.15544433593749998,6.869217321627875e-05,0.04419084992836152,0.17915771484374998,9.434123816292383e-05,0.05265820578544569,0.20875162760416668,0.0001611531830695273,0.07719852770446646,0.22814778645833333,0.00042474408522103375,0.18617059223522417,0.11634114583333333,0.00021470217255464155,0.18454534809397283,0.018734130859375003,0.8980256727699223,0.04671124753877662,0.1521754964192708,0.8562822454821231,0.06738306073015124,0.15145955403645836,0.8577346619132947,0.06664703929449634,0.18211344401041665,0.853557719377427,0.06876710564526686,0.2071978759765625,0.8646696497217745,0.063149784680771,0.21245768229166667,0.9825562688648168,0.007642569138036752,0.219027099609375,1.0416418190499015,-0.017718407301337356,0.11155497233072917,1.0429041700482387,-0.018244403986165975
25,blank,0.0,,12.39 am,12.42 am,2026-09-23 00:39:00,2026-09-23 00:41:00,2026-09-23 00:40:00,24,VALID,0.020093587239583335,2.8785255703591164e-05,0.14325593215573618,0.1666194661458333,0.00016258765740802524,0.0975802294707395,0.1657779947916667,0.00015748352540289286,0.09499664029644134,0.19905192057291665,0.00015571613605789577,0.07822890410185913,0.22493977864583334,0.00020033593091881352,0.08906202901277036,0.22403157552083333,0.0001688920868998293,0.07538762627865532,0.2288720703125,0.0001700014064564796,0.07427791701467161,0.11642822265625001,0.00012972357254754818,0.11141935313274703,0.020093587239583335,1.0,-0.0,0.1666194661458333,1.0,-0.0,0.1657779947916667,1.0,-0.0,0.19905192057291665,1.0,-0.0,0.22493977864583334,1.0,-0.0,0.22403157552083333,1.0,-0.0,0.2288720703125,1.0,-0.0,0.11642822265625001,1.0,-0.0
26,sample,1.0,2.0,12.48 am,12.51 am,2026-09-23 00:48:00,2026-09-23 00:50:00,2026-09-23 00:49:00,24,VALID,0.016122233072916665,2.0749351292829326e-05,0.1287002315311124,0.12090738932291667,5.9570428508737405e-05,0.04926946884084816,0.11764160156249999,6.917338521654574e-05,0.05880010497799597,0.14323323567708332,7.053368710944013e-05,0.0492439389335985,0.1660994466145833,0.00010082810335694799,0.06070345531668701,0.19653157552083333,0.0001203872307846397,0.06125592310833434,0.21440836588541667,0.00023840784003355847,0.11119334781972431,0.1090478515625,0.0002358739713006218,0.21630318059538503,0.019670672673051077,0.8196076128603476,0.08639401634223647,0.16091791624663976,0.7513606448743797,0.1241515563600745,0.15983238302251346,0.7360310804221031,0.1331038462999753,0.1910940387684812,0.7495431914054455,0.12520333646667678,0.22121836672547043,0.7508393135399598,0.12445299603140893,0.2254761004704301,0.871629299561207,0.059668179499801556,0.2313483650453629,0.9267770958458054,0.033024707802534775,0.11757339969758066,0.9274874405519459,0.03269196261417385
27,sample,0.05,2.0,12.56 am,12.59 am,2026-09-23 00:56:00,2026-09-23 00:58:00,2026-09-23 00:57:00,24,VALID,0.020773111979166668,3.043076703925467e-05,0.1464911327189381,0.1723250325520833,0.000103426529071076,0.060018284946394246,0.17637695312499999,0.00018176522067867829,0.1030549725790192,0.20858886718749994,0.00017019641817124772,0.08159420033584948,0.23654215494791667,0.00023249066781600542,0.09828720291619761,0.23480875651041666,0.00021832645078341173,0.09298054043130469,0.24033691406250002,0.00029939454390827375,0.1245728501908016,0.12223876953125,0.00020385630954159885,0.1667689476287501,0.01929474861391129,1.0766199858229557,-0.032062437575212814,0.15584987189180105,1.1057117369446423,-0.04364191958012507,0.15454739478326612,1.1412483100886117,-0.0573801474582509,0.18402036605342742,1.1335096851559323,-0.05442523526254322,0.2179104450184812,1.085501683629049,-0.03563050138807911,0.22676012264784945,1.0354940444050935,-0.015147605412530468,0.2335495159190188,1.0290619234074314,-0.012441509053000531,0.11859133484543011,1.0307563338465993,-0.013156012157534593
28,sample,0.85,1.0,1.04 am,1.07 am,2026-09-23 01:04:00,2026-09-23 01:06:00,2026-09-23 01:05:00,24,VALID,0.016390787760416668,1.6268963587763794e-05,0.09925675218034928,0.12878499348958333,4.6068111402319126e-05,0.0357713349622876,0.12899739583333333,6.031404288595067e-05,0.04675601588413254,0.15509358723958333,8.205534039596311e-05,0.052906984651278195,0.17734293619791663,0.0001047015623582332,0.05903903736057754,0.20328206380208336,0.00016192963355345194,0.07965760998526049,0.22800618489583332,0.00029965295298290333,0.13142316868281553,0.11672444661458332,0.0002319907576985296,0.19875078822566475,0.018918824554771504,0.8663745315129928,0.062294322987010625,0.15078182753696234,0.854114820023741,0.06848374248334935,0.14926240654401882,0.86423231957801,0.06336949646967557,0.17694669333837368,0.8764989292170562,0.05724861012969325,0.21460252331149193,0.8263786159704486,0.08282092949205691,0.2280441448252688,0.891415405371804,0.04991986474148062,0.2357506667926747,0.9671496925026639,0.014506301928833367,0.11960926999327956,0.9758812725898391,0.010603016140232006
29,blank,0.0,,1.10 am,1.13 am,2026-09-23 01:10:00,2026-09-23 01:12:00,2026-09-23 01:11:00,24,VALID,0.018636881510416665,3.406323166741016e-05,0.18277323729493739,0.14698079427083333,9.195603445199044e-05,0.06256329944887097,0.14529866536458333,0.00011468095603856108,0.07892774221346335,0.17164143880208335,0.00011781973455441516,0.06864294273964398,0.21212158203125,0.00015718264665677702,0.07410026134616547,0.22900716145833333,0.00023236132999167108,0.10146465661247368,0.23740152994791663,0.00027279860133789727,0.11491021199305093,0.12037272135416666,0.0001855505994572798,0.15414671810180608,0.018636881510416665,1.0,-0.0,0.14698079427083333,1.0,-0.0,0.14529866536458333,1.0,-0.0,0.17164143880208335,1.0,-0.0,0.21212158203125,1.0,-0.0,0.22900716145833333,1.0,-0.0,0.23740152994791663,1.0,-0.0,0.12037272135416666,1.0,-0.0
30,sample,0.1,2.0,1.18 am,1.21 am,2026-09-23 01:18:00,2026-09-23 01:20:00,2026-09-23 01:19:00,24,VALID,0.016178385416666666,2.680878734726391e-05,0.16570743406598537,0.12151041666666668,4.943296135884121e-05,0.040682077071999626,0.11850260416666668,7.931888939527858e-05,0.06693430068736836,0.14459716796875,7.997398036254214e-05,0.05530812358636645,0.16526774088541665,0.00010099246361551649,0.061108394823123115,0.19314860026041666,0.00012980878037153982,0.06720668966615466,0.21402669270833333,0.0002680878734726369,0.12525908337890168,0.10917643229166667,0.00019289147131677114,0.17667867255586658,0.017784220377604167,0.9097045061947308,0.04109965401885461,0.13882832845052082,0.8752566426669444,0.0578645845187689,0.13667765299479168,0.8670225276050242,0.06196961822454065,0.16182149251302086,0.8935597226500372,0.04887641534573872,0.19978617350260416,0.8272231155338806,0.08237733835972234,0.217344970703125,0.8886729683027331,0.05125803002134119,0.2256935628255208,0.9483065889379978,0.023051231904669178,0.11467142740885417,0.9520805204805255,0.0213263203953728
31,sample,0.1,3.0,1.24 am,1.27 am,2026-09-23 01:24:00,2026-09-23 01:26:00,2026-09-23 01:25:00,24,VALID,0.020345865885416665,2.6063771472162633e-05,0.12810352539895783,0.169072265625,0.00010238224777922078,0.06055531781084854,0.17471761067708336,0.00011359109592586188,0.06501410789997766,0.20578125000000003,0.00014829888407652753,0.07206627624068156,0.23334879557291668,0.00016840651359007085,0.07216943767659058,0.2318408203125,0.000128430600963156,0.05539602594143836,0.23805501302083334,0.00019942317099783712,0.08377188468632862,0.12180013020833332,9.492908522520138e-05,0.07793841029794443,0.01714472452799479,1.1867129070633293,-0.07434566591432977,0.13271397908528645,1.2739597349903018,-0.1051557018236099,0.13021189371744793,1.3417945603049917,-0.12768602689421477,0.15445653279622396,1.332292304343574,-0.12459951930610345,0.1905346171061198,1.2247055108256322,-0.08803167204846056,0.20859832763671873,1.1114222388026949,-0.045879082473354406,0.21691258748372394,1.097469795470933,-0.04039257643961449,0.1103954569498698,1.1033074509908714,-0.04269655111917928
32,sample,0.85,3.0,1.33 am,1.36 am,2026-09-23 01:33:00,2026-09-23 01:35:00,2026-09-23 01:34:00,24,VALID,0.01758544921875,2.430768263666277e-05,0.13822611145324268,0.1342073567708333,9.104974392760244e-05,0.06784258785684533,0.12781005859375,0.00010356007748885973,0.08102654722820377,0.15307942708333333,9.173030127183687e-05,0.05992333719795068,0.19012939453125,0.00010411911030879978,0.05476223735182967,0.21264567057291664,0.00014818467083145545,0.06968619226162079,0.2205517578125,0.00022173887937357276,0.10053825078196928,0.11189615885416666,0.00013469196783314833,0.12037228910483982,0.016185480753580728,1.086495327910452,-0.03602786313047585,0.12354245503743488,1.086325803790825,-0.03596009557356222,0.1205132548014323,1.0605477281676652,-0.02553021798546622,0.14340909322102866,1.0674318039749426,-0.028340138401099255,0.17665728251139323,1.0762612886847045,-0.0319177197116659,0.19547836303710936,1.0878220344650025,-0.03655785145437225,0.20374112447102866,1.0825097701071231,-0.03443182473391411,0.10398150126139323,1.0761160157985912,-0.0318590950339446
33,blank,0.0,,1.42 am,1.45 am,2026-09-23 01:42:00,2026-09-23 01:44:00,2026-09-23 01:43:00,24,VALID,0.015226236979166667,0.005242657240972791,34.4317328578694,0.11437093098958333,0.04369556902318413,38.2051353828394,0.11081461588541668,0.038088246114868336,34.37113941201757,0.13236165364583333,0.04690865770967604,35.43976402349269,0.16277994791666667,0.05879506986977365,36.11935660519631,0.18235839843749999,0.06706876328864057,36.778543715729754,0.19056966145833334,0.07021057671286594,36.84247333787544,0.09756754557291668,0.03382538562056622,34.66868559821152,0.015226236979166667,1.0,-0.0,0.11437093098958333,1.0,-0.0,0.11081461588541668,1.0,-0.0,0.13236165364583333,1.0,-0.0,0.16277994791666667,1.0,-0.0,0.18235839843749999,1.0,-0.0,0.19056966145833334,1.0,-0.0,0.09756754557291668,1.0,-0.0
34,sample,0.0,1.0,1.51 am,1.54 am,2026-09-23 01:51:00,2026-09-23 01:53:00,2026-09-23 01:52:00,24,VALID,0.0165283203125,2.8940885169756246e-05,0.17509876758540854,0.12596598307291665,7.420068400212409e-05,0.058905334751503745,0.12380859375000001,6.490572110740787e-05,0.05242424547561575,0.15048828125,7.077332383157268e-05,0.0470291262839263,0.17205566406250003,0.00010916401671341437,0.06344691836111832,0.19820231119791668,0.00027726116145998666,0.13988795578832836,0.2209318033854167,0.0007920340784609845,0.35849708657801377,0.11259684244791668,0.00046303550716987694,0.4112331190673138,0.015852457682291668,1.042634564542211,-0.01813211819423244,0.12147633870442709,1.036959003015506,-0.015761586556737782,0.11764371744791667,1.0524029368998193,-0.022182051384024265,0.13999751790364584,1.074935352450852,-0.03138234618826936,0.1723375040690104,0.9983646043382552,0.0007108247100036241,0.19153582763671873,1.034805412874724,-0.014858691764138182,0.19943855794270834,1.1077687567761225,-0.044449112254003005,0.10204319254557292,1.1034233606286912,-0.0427421741882784
35,sample,0.05,1.0,2.07 am,2.10 am,2026-09-23 02:07:00,2026-09-23 02:09:00,2026-09-23 02:08:00,24,VALID,0.020311686197916668,2.4079168209079946e-05,0.11854834687013677,0.16453369140625,0.00014978034480845465,0.091033236736075,0.1679069010416667,0.0002455490398757882,0.14624118386584617,0.20073079427083332,0.00019615280061364203,0.09771933664995391,0.22774576822916667,0.0002914599205174854,0.1279759983176535,0.22685302734375,0.00022136925583294222,0.09758267651306313,0.23186360677083337,0.0003099910249342682,0.13369542087760825,0.11837402343749999,0.00017865907401839353,0.15092760120021037,0.01696573893229167,1.1972178918335532,-0.07817319853444275,0.1341081746419271,1.2268729467503376,-0.0887995901253391,0.12978434244791667,1.2937377334946922,-0.1118462450805505,0.1535723876953125,1.3070760784750124,-0.11630086646371904,0.1893287150065104,1.2029119207899088,-0.08023382874023723,0.20785125732421872,1.0914200388496627,-0.03799192331732954,0.21520548502604167,1.0774056560072152,-0.032379251111806916,0.10999989827473958,1.0761284809722724,-0.03186412564840677
36,sample,0.7,3.0,2.14 am,2.17 am,2026-09-23 02:14:00,2026-09-23 02:16:00,2026-09-23 02:15:00,24,VALID,0.01791015625,3.820387866576729e-05,0.21330846103460033,0.13825439453125,5.6080763538890586e-05,0.040563458202563324,0.13311848958333336,0.00013078732232496193,0.09824880280292538,0.15894042968750002,0.00012221034766719347,0.07689066143049743,0.19674560546875,0.00015865302498854856,0.08063866260725612,0.21464192708333338,0.0007296946886380547,0.3399590651060244,0.22209716796875,0.00099013684794099,0.4458124599230848,0.11313151041666665,0.000574551587888856,0.5078616786541308,0.017452799479166666,1.0262053529795767,-0.011234275729060538,0.13963460286458335,0.9901155708898899,0.00431410957384018,0.13509586588541667,0.9853631620100023,0.006403677939768962,0.15951139322916666,0.9964205469583834,0.0015573255568065,0.19676236979166667,0.999914799141043,3.700383930028513e-05,0.21498925781249997,0.9983844275165157,0.0007022015963371281,0.222103515625,0.9999714202801693,1.2412191986153794e-05,0.11348095703125,0.9969206585516625,0.0013394043005220627
37,blank,0.0,,2.22 am,2.25 am,2026-09-23 02:22:00,2026-09-23 02:24:00,2026-09-23 02:23:00,24,VALID,0.018009440104166666,2.437865412386124e-05,0.13536597463805103,0.14595052083333335,6.247522720097268e-05,0.04280575831059596,0.14116617838541667,9.313215771622403e-05,0.06597342138281272,0.166298828125,5.7594514123008534e-05,0.03463314490690043,0.20525797526041667,0.00015709469015921787,0.07653524300817414,0.22314697265624997,0.0001531746107833472,0.06864292576324002,0.22998697916666666,0.00018355098465074873,0.07980929412431355,0.11745930989583332,0.00011107183305816853,0.09456196631554416,0.018009440104166666,1.0,-0.0,0.14595052083333335,1.0,-0.0,0.14116617838541667,1.0,-0.0,0.166298828125,1.0,-0.0,0.20525797526041667,1.0,-0.0,0.22314697265624997,1.0,-0.0,0.22998697916666666,1.0,-0.0,0.11745930989583332,1.0,-0.0
