experiment,pioreactor_unit,timestamp,reading,band,timestamp_localtime,hours_since_experiment_created
Pulse experiments,pioreactor01,2026-09-11T17:52:25.475Z,0.0214453125,415,2026-09-11 23:37:25.475,1783.512777777778
Pulse experiments,pioreactor01,2026-09-11T17:52:25.479Z,0.17533203125,445,2026-09-11 23:37:25.479,1783.512777777778
Pulse experiments,pioreactor01,2026-09-11T17:52:25.485Z,0.18375,480,2026-09-11 23:37:25.485,1783.512777777778
Pulse experiments,pioreactor01,2026-09-11T17:52:25.489Z,0.21498046875,515,2026-09-11 23:37:25.489,1783.512777777778
Pulse experiments,pioreactor01,2026-09-11T17:52:25.495Z,0.24505859375,555,2026-09-11 23:37:25.495,1783.512777777778
Pulse experiments,pioreactor01,2026-09-11T17:52:25.499Z,0.24271484375,590,2026-09-11 23:37:25.499,1783.512777777778
Pulse experiments,pioreactor01,2026-09-11T17:52:25.504Z,0.24923828125,630,2026-09-11 23:37:25.504,1783.512777777778
Pulse experiments,pioreactor01,2026-09-11T17:52:25.509Z,0.12935546875,680,2026-09-11 23:37:25.509,1783.512777777778
Pulse experiments,pioreactor01,2026-09-11T17:52:30.477Z,0.02150390625,415,2026-09-11 23:37:30.477,1783.514166666667
Pulse experiments,pioreactor01,2026-09-11T17:52:30.481Z,0.17537109375,445,2026-09-11 23:37:30.481,1783.514166666667
Pulse experiments,pioreactor01,2026-09-11T17:52:30.486Z,0.183828125,480,2026-09-11 23:37:30.486,1783.514166666667
Pulse experiments,pioreactor01,2026-09-11T17:52:30.491Z,0.21501953125,515,2026-09-11 23:37:30.491,1783.514166666667
Pulse experiments,pioreactor01,2026-09-11T17:52:30.496Z,0.24515625,555,2026-09-11 23:37:30.496,1783.514166666667
Pulse experiments,pioreactor01,2026-09-11T17:52:30.500Z,0.2429296875,590,2026-09-11 23:37:30.500,1783.514166666667
Pulse experiments,pioreactor01,2026-09-11T17:52:30.505Z,0.2493359375,630,2026-09-11 23:37:30.505,1783.514166666667
Pulse experiments,pioreactor01,2026-09-11T17:52:30.510Z,0.12943359375,680,2026-09-11 23:37:30.510,1783.514166666667
Pulse experiments,pioreactor01,2026-09-11T17:52:35.475Z,0.0215234375,415,2026-09-11 23:37:35.475,1783.515555555555
Pulse experiments,pioreactor01,2026-09-11T17:52:35.478Z,0.17541015625,445,2026-09-11 23:37:35.478,1783.515555555555
Pulse experiments,pioreactor01,2026-09-11T17:52:35.484Z,0.18376953125,480,2026-09-11 23:37:35.484,1783.515555555555
Pulse experiments,pioreactor01,2026-09-11T17:52:35.488Z,0.2146484375,515,2026-09-11 23:37:35.488,1783.515555555555
Pulse experiments,pioreactor01,2026-09-11T17:52:35.494Z,0.24560546875,555,2026-09-11 23:37:35.494,1783.515555555555
Pulse experiments,pioreactor01,2026-09-11T17:52:35.497Z,0.24337890625,590,2026-09-11 23:37:35.497,1783.515555555555
Pulse experiments,pioreactor01,2026-09-11T17:52:35.503Z,0.2492578125,630,2026-09-11 23:37:35.503,1783.515555555555
Pulse experiments,pioreactor01,2026-09-11T17:52:35.507Z,0.12970703125,680,2026-09-11 23:37:35.507,1783.515555555555
Pulse experiments,pioreactor01,2026-09-11T17:52:40.480Z,0.02154296875,415,2026-09-11 23:37:40.480,1783.516944444444
Pulse experiments,pioreactor01,2026-09-11T17:52:40.483Z,0.17556640625,445,2026-09-11 23:37:40.483,1783.516944444444
Pulse experiments,pioreactor01,2026-09-11T17:52:40.488Z,0.1840625,480,2026-09-11 23:37:40.488,1783.516944444444
Pulse experiments,pioreactor01,2026-09-11T17:52:40.493Z,0.2151953125,515,2026-09-11 23:37:40.493,1783.516944444444
Pulse experiments,pioreactor01,2026-09-11T17:52:40.498Z,0.24595703125,555,2026-09-11 23:37:40.498,1783.516944444444
Pulse experiments,pioreactor01,2026-09-11T17:52:40.503Z,0.2433984375,590,2026-09-11 23:37:40.503,1783.516944444444
Pulse experiments,pioreactor01,2026-09-11T17:52:40.507Z,0.24982421875,630,2026-09-11 23:37:40.507,1783.516944444444
Pulse experiments,pioreactor01,2026-09-11T17:52:40.514Z,0.1297265625,680,2026-09-11 23:37:40.514,1783.516944444444
Pulse experiments,pioreactor01,2026-09-11T17:52:45.479Z,0.0215234375,415,2026-09-11 23:37:45.479,1783.518333333333
Pulse experiments,pioreactor01,2026-09-11T17:52:45.482Z,0.17576171875,445,2026-09-11 23:37:45.482,1783.518333333333
Pulse experiments,pioreactor01,2026-09-11T17:52:45.488Z,0.18390625,480,2026-09-11 23:37:45.488,1783.518333333333
Pulse experiments,pioreactor01,2026-09-11T17:52:45.492Z,0.2153515625,515,2026-09-11 23:37:45.492,1783.518333333333
Pulse experiments,pioreactor01,2026-09-11T17:52:45.498Z,0.24587890625,555,2026-09-11 23:37:45.498,1783.518333333333
Pulse experiments,pioreactor01,2026-09-11T17:52:45.502Z,0.24359375,590,2026-09-11 23:37:45.502,1783.518333333333
Pulse experiments,pioreactor01,2026-09-11T17:52:45.506Z,0.2498046875,630,2026-09-11 23:37:45.506,1783.518333333333
Pulse experiments,pioreactor01,2026-09-11T17:52:45.514Z,0.12953125,680,2026-09-11 23:37:45.514,1783.518333333333
Pulse experiments,pioreactor01,2026-09-11T17:52:50.478Z,0.02146484375,415,2026-09-11 23:37:50.478,1783.519722222222
Pulse experiments,pioreactor01,2026-09-11T17:52:50.483Z,0.17560546875,445,2026-09-11 23:37:50.483,1783.519722222222
Pulse experiments,pioreactor01,2026-09-11T17:52:50.487Z,0.18333984375,480,2026-09-11 23:37:50.487,1783.519722222222
Pulse experiments,pioreactor01,2026-09-11T17:52:50.492Z,0.21490234375,515,2026-09-11 23:37:50.492,1783.519722222222
Pulse experiments,pioreactor01,2026-09-11T17:52:50.497Z,0.24568359375,555,2026-09-11 23:37:50.497,1783.519722222222
Pulse experiments,pioreactor01,2026-09-11T17:52:50.503Z,0.2431640625,590,2026-09-11 23:37:50.503,1783.519722222222
Pulse experiments,pioreactor01,2026-09-11T17:52:50.508Z,0.24970703125,630,2026-09-11 23:37:50.508,1783.519722222222
Pulse experiments,pioreactor01,2026-09-11T17:52:50.512Z,0.129453125,680,2026-09-11 23:37:50.512,1783.519722222222
Pulse experiments,pioreactor01,2026-09-11T17:52:55.477Z,0.021484375,415,2026-09-11 23:37:55.477,1783.521111111111
Pulse experiments,pioreactor01,2026-09-11T17:52:55.481Z,0.1759765625,445,2026-09-11 23:37:55.481,1783.521111111111
Pulse experiments,pioreactor01,2026-09-11T17:52:55.486Z,0.18412109375,480,2026-09-11 23:37:55.486,1783.521111111111
Pulse experiments,pioreactor01,2026-09-11T17:52:55.491Z,0.215390625,515,2026-09-11 23:37:55.491,1783.521111111111
Pulse experiments,pioreactor01,2026-09-11T17:52:55.495Z,0.24556640625,555,2026-09-11 23:37:55.495,1783.521111111111
Pulse experiments,pioreactor01,2026-09-11T17:52:55.501Z,0.24322265625,590,2026-09-11 23:37:55.501,1783.521111111111
Pulse experiments,pioreactor01,2026-09-11T17:52:55.505Z,0.24958984375,630,2026-09-11 23:37:55.505,1783.521111111111
Pulse experiments,pioreactor01,2026-09-11T17:52:55.512Z,0.129609375,680,2026-09-11 23:37:55.512,1783.521111111111
Pulse experiments,pioreactor01,2026-09-11T17:53:00.481Z,0.0215234375,415,2026-09-11 23:38:00.481,1783.5225
Pulse experiments,pioreactor01,2026-09-11T17:53:00.484Z,0.17546875,445,2026-09-11 23:38:00.484,1783.5225
Pulse experiments,pioreactor01,2026-09-11T17:53:00.488Z,0.1835546875,480,2026-09-11 23:38:00.488,1783.5225
Pulse experiments,pioreactor01,2026-09-11T17:53:00.493Z,0.21529296875,515,2026-09-11 23:38:00.493,1783.5225
Pulse experiments,pioreactor01,2026-09-11T17:53:00.497Z,0.2455859375,555,2026-09-11 23:38:00.497,1783.5225
Pulse experiments,pioreactor01,2026-09-11T17:53:00.502Z,0.243515625,590,2026-09-11 23:38:00.502,1783.5225
Pulse experiments,pioreactor01,2026-09-11T17:53:00.506Z,0.2499609375,630,2026-09-11 23:38:00.506,1783.5225
Pulse experiments,pioreactor01,2026-09-11T17:53:00.511Z,0.12955078125,680,2026-09-11 23:38:00.511,1783.5225
Pulse experiments,pioreactor01,2026-09-11T17:53:05.478Z,0.02154296875,415,2026-09-11 23:38:05.478,1783.523888888889
Pulse experiments,pioreactor01,2026-09-11T17:53:05.483Z,0.17560546875,445,2026-09-11 23:38:05.483,1783.523888888889
Pulse experiments,pioreactor01,2026-09-11T17:53:05.487Z,0.1838671875,480,2026-09-11 23:38:05.487,1783.523888888889
Pulse experiments,pioreactor01,2026-09-11T17:53:05.492Z,0.2151171875,515,2026-09-11 23:38:05.492,1783.523888888889
Pulse experiments,pioreactor01,2026-09-11T17:53:05.497Z,0.24591796875,555,2026-09-11 23:38:05.497,1783.523888888889
Pulse experiments,pioreactor01,2026-09-11T17:53:05.501Z,0.2436328125,590,2026-09-11 23:38:05.501,1783.523888888889
Pulse experiments,pioreactor01,2026-09-11T17:53:05.505Z,0.2496875,630,2026-09-11 23:38:05.505,1783.523888888889
Pulse experiments,pioreactor01,2026-09-11T17:53:05.509Z,0.12962890625,680,2026-09-11 23:38:05.509,1783.523888888889
Pulse experiments,pioreactor01,2026-09-11T17:53:10.478Z,0.0215234375,415,2026-09-11 23:38:10.478,1783.525277777778
Pulse experiments,pioreactor01,2026-09-11T17:53:10.482Z,0.1758984375,445,2026-09-11 23:38:10.482,1783.525277777778
Pulse experiments,pioreactor01,2026-09-11T17:53:10.486Z,0.18427734375,480,2026-09-11 23:38:10.486,1783.525277777778
Pulse experiments,pioreactor01,2026-09-11T17:53:10.493Z,0.215390625,515,2026-09-11 23:38:10.493,1783.525277777778
Pulse experiments,pioreactor01,2026-09-11T17:53:10.498Z,0.2458203125,555,2026-09-11 23:38:10.498,1783.525277777778
Pulse experiments,pioreactor01,2026-09-11T17:53:10.502Z,0.24349609375,590,2026-09-11 23:38:10.502,1783.525277777778
Pulse experiments,pioreactor01,2026-09-11T17:53:10.507Z,0.249765625,630,2026-09-11 23:38:10.507,1783.525277777778
Pulse experiments,pioreactor01,2026-09-11T17:53:10.512Z,0.12955078125,680,2026-09-11 23:38:10.512,1783.525277777778
Pulse experiments,pioreactor01,2026-09-11T17:53:15.476Z,0.02150390625,415,2026-09-11 23:38:15.476,1783.526666666667
Pulse experiments,pioreactor01,2026-09-11T17:53:15.484Z,0.17583984375,445,2026-09-11 23:38:15.484,1783.526666666667
Pulse experiments,pioreactor01,2026-09-11T17:53:15.489Z,0.18421875,480,2026-09-11 23:38:15.489,1783.526666666667
Pulse experiments,pioreactor01,2026-09-11T17:53:15.494Z,0.215390625,515,2026-09-11 23:38:15.494,1783.526666666667
Pulse experiments,pioreactor01,2026-09-11T17:53:15.499Z,0.24537109375,555,2026-09-11 23:38:15.499,1783.526666666667
Pulse experiments,pioreactor01,2026-09-11T17:53:15.504Z,0.2430859375,590,2026-09-11 23:38:15.504,1783.526666666667
Pulse experiments,pioreactor01,2026-09-11T17:53:15.509Z,0.24943359375,630,2026-09-11 23:38:15.509,1783.526666666667
Pulse experiments,pioreactor01,2026-09-11T17:53:15.514Z,0.129375,680,2026-09-11 23:38:15.514,1783.526666666667
Pulse experiments,pioreactor01,2026-09-11T17:53:20.482Z,0.021484375,415,2026-09-11 23:38:20.482,1783.528055555556
Pulse experiments,pioreactor01,2026-09-11T17:53:20.487Z,0.17564453125,445,2026-09-11 23:38:20.487,1783.528055555556
Pulse experiments,pioreactor01,2026-09-11T17:53:20.493Z,0.18392578125,480,2026-09-11 23:38:20.493,1783.528055555556
Pulse experiments,pioreactor01,2026-09-11T17:53:20.498Z,0.21537109375,515,2026-09-11 23:38:20.498,1783.528055555556
Pulse experiments,pioreactor01,2026-09-11T17:53:20.502Z,0.24580078125,555,2026-09-11 23:38:20.502,1783.528055555556
Pulse experiments,pioreactor01,2026-09-11T17:53:20.507Z,0.24337890625,590,2026-09-11 23:38:20.507,1783.528055555556
Pulse experiments,pioreactor01,2026-09-11T17:53:20.512Z,0.2496484375,630,2026-09-11 23:38:20.512,1783.528055555556
Pulse experiments,pioreactor01,2026-09-11T17:53:20.516Z,0.12951171875,680,2026-09-11 23:38:20.516,1783.528055555556
Pulse experiments,pioreactor01,2026-09-11T17:53:25.478Z,0.02154296875,415,2026-09-11 23:38:25.478,1783.529444444444
Pulse experiments,pioreactor01,2026-09-11T17:53:25.483Z,0.17537109375,445,2026-09-11 23:38:25.483,1783.529444444444
Pulse experiments,pioreactor01,2026-09-11T17:53:25.488Z,0.1833203125,480,2026-09-11 23:38:25.488,1783.529444444444
Pulse experiments,pioreactor01,2026-09-11T17:53:25.492Z,0.21486328125,515,2026-09-11 23:38:25.492,1783.529444444444
Pulse experiments,pioreactor01,2026-09-11T17:53:25.497Z,0.24544921875,555,2026-09-11 23:38:25.497,1783.529444444444
Pulse experiments,pioreactor01,2026-09-11T17:53:25.501Z,0.24349609375,590,2026-09-11 23:38:25.501,1783.529444444444
Pulse experiments,pioreactor01,2026-09-11T17:53:25.506Z,0.249921875,630,2026-09-11 23:38:25.506,1783.529444444444
Pulse experiments,pioreactor01,2026-09-11T17:53:25.511Z,0.12951171875,680,2026-09-11 23:38:25.511,1783.529444444444
Pulse experiments,pioreactor01,2026-09-11T17:53:30.478Z,0.02154296875,415,2026-09-11 23:38:30.478,1783.530833333333
Pulse experiments,pioreactor01,2026-09-11T17:53:30.481Z,0.17583984375,445,2026-09-11 23:38:30.481,1783.530833333333
Pulse experiments,pioreactor01,2026-09-11T17:53:30.487Z,0.1843359375,480,2026-09-11 23:38:30.487,1783.530833333333
Pulse experiments,pioreactor01,2026-09-11T17:53:30.492Z,0.21556640625,515,2026-09-11 23:38:30.492,1783.530833333333
Pulse experiments,pioreactor01,2026-09-11T17:53:30.497Z,0.24609375,555,2026-09-11 23:38:30.497,1783.530833333333
Pulse experiments,pioreactor01,2026-09-11T17:53:30.501Z,0.2434375,590,2026-09-11 23:38:30.501,1783.530833333333
Pulse experiments,pioreactor01,2026-09-11T17:53:30.507Z,0.24978515625,630,2026-09-11 23:38:30.507,1783.530833333333
Pulse experiments,pioreactor01,2026-09-11T17:53:30.511Z,0.12974609375,680,2026-09-11 23:38:30.511,1783.530833333333
Pulse experiments,pioreactor01,2026-09-11T17:53:35.476Z,0.02158203125,415,2026-09-11 23:38:35.476,1783.532222222222
Pulse experiments,pioreactor01,2026-09-11T17:53:35.482Z,0.17576171875,445,2026-09-11 23:38:35.482,1783.532222222222
Pulse experiments,pioreactor01,2026-09-11T17:53:35.487Z,0.18404296875,480,2026-09-11 23:38:35.487,1783.532222222222
Pulse experiments,pioreactor01,2026-09-11T17:53:35.491Z,0.21544921875,515,2026-09-11 23:38:35.491,1783.532222222222
Pulse experiments,pioreactor01,2026-09-11T17:53:35.497Z,0.245625,555,2026-09-11 23:38:35.497,1783.532222222222
Pulse experiments,pioreactor01,2026-09-11T17:53:35.501Z,0.24337890625,590,2026-09-11 23:38:35.501,1783.532222222222
Pulse experiments,pioreactor01,2026-09-11T17:53:35.507Z,0.2496484375,630,2026-09-11 23:38:35.507,1783.532222222222
Pulse experiments,pioreactor01,2026-09-11T17:53:35.511Z,0.129453125,680,2026-09-11 23:38:35.511,1783.532222222222
Pulse experiments,pioreactor01,2026-09-11T17:53:40.477Z,0.02154296875,415,2026-09-11 23:38:40.477,1783.533611111111
Pulse experiments,pioreactor01,2026-09-11T17:53:40.483Z,0.17591796875,445,2026-09-11 23:38:40.483,1783.533611111111
Pulse experiments,pioreactor01,2026-09-11T17:53:40.487Z,0.18388671875,480,2026-09-11 23:38:40.487,1783.533611111111
Pulse experiments,pioreactor01,2026-09-11T17:53:40.493Z,0.21521484375,515,2026-09-11 23:38:40.493,1783.533611111111
Pulse experiments,pioreactor01,2026-09-11T17:53:40.497Z,0.24599609375,555,2026-09-11 23:38:40.497,1783.533611111111
Pulse experiments,pioreactor01,2026-09-11T17:53:40.503Z,0.243359375,590,2026-09-11 23:38:40.503,1783.533611111111
Pulse experiments,pioreactor01,2026-09-11T17:53:40.507Z,0.24986328125,630,2026-09-11 23:38:40.507,1783.533611111111
Pulse experiments,pioreactor01,2026-09-11T17:53:40.512Z,0.1295703125,680,2026-09-11 23:38:40.512,1783.533611111111
Pulse experiments,pioreactor01,2026-09-11T17:53:45.476Z,0.0215625,415,2026-09-11 23:38:45.476,1783.535
Pulse experiments,pioreactor01,2026-09-11T17:53:45.480Z,0.17576171875,445,2026-09-11 23:38:45.480,1783.535
Pulse experiments,pioreactor01,2026-09-11T17:53:45.486Z,0.18416015625,480,2026-09-11 23:38:45.486,1783.535
Pulse experiments,pioreactor01,2026-09-11T17:53:45.490Z,0.21546875,515,2026-09-11 23:38:45.490,1783.535
Pulse experiments,pioreactor01,2026-09-11T17:53:45.496Z,0.24587890625,555,2026-09-11 23:38:45.496,1783.535
Pulse experiments,pioreactor01,2026-09-11T17:53:45.500Z,0.2437109375,590,2026-09-11 23:38:45.500,1783.535
Pulse experiments,pioreactor01,2026-09-11T17:53:45.505Z,0.24990234375,630,2026-09-11 23:38:45.505,1783.535
Pulse experiments,pioreactor01,2026-09-11T17:53:45.511Z,0.12935546875,680,2026-09-11 23:38:45.511,1783.535
Pulse experiments,pioreactor01,2026-09-11T17:53:50.478Z,0.021484375,415,2026-09-11 23:38:50.478,1783.536388888889
Pulse experiments,pioreactor01,2026-09-11T17:53:50.483Z,0.1753515625,445,2026-09-11 23:38:50.483,1783.536388888889
Pulse experiments,pioreactor01,2026-09-11T17:53:50.488Z,0.18341796875,480,2026-09-11 23:38:50.488,1783.536388888889
Pulse experiments,pioreactor01,2026-09-11T17:53:50.492Z,0.2149609375,515,2026-09-11 23:38:50.492,1783.536388888889
Pulse experiments,pioreactor01,2026-09-11T17:53:50.498Z,0.24599609375,555,2026-09-11 23:38:50.498,1783.536388888889
Pulse experiments,pioreactor01,2026-09-11T17:53:50.502Z,0.24353515625,590,2026-09-11 23:38:50.502,1783.536388888889
Pulse experiments,pioreactor01,2026-09-11T17:53:50.508Z,0.2496875,630,2026-09-11 23:38:50.508,1783.536388888889
Pulse experiments,pioreactor01,2026-09-11T17:53:50.513Z,0.1296875,680,2026-09-11 23:38:50.513,1783.536388888889
Pulse experiments,pioreactor01,2026-09-11T17:53:55.476Z,0.0215234375,415,2026-09-11 23:38:55.476,1783.537777777778
Pulse experiments,pioreactor01,2026-09-11T17:53:55.482Z,0.1759765625,445,2026-09-11 23:38:55.482,1783.537777777778
Pulse experiments,pioreactor01,2026-09-11T17:53:55.487Z,0.18431640625,480,2026-09-11 23:38:55.487,1783.537777777778
Pulse experiments,pioreactor01,2026-09-11T17:53:55.492Z,0.2154296875,515,2026-09-11 23:38:55.492,1783.537777777778
Pulse experiments,pioreactor01,2026-09-11T17:53:55.497Z,0.245703125,555,2026-09-11 23:38:55.497,1783.537777777778
Pulse experiments,pioreactor01,2026-09-11T17:53:55.502Z,0.24369140625,590,2026-09-11 23:38:55.502,1783.537777777778
Pulse experiments,pioreactor01,2026-09-11T17:53:55.507Z,0.24986328125,630,2026-09-11 23:38:55.507,1783.537777777778
Pulse experiments,pioreactor01,2026-09-11T17:53:55.512Z,0.1295703125,680,2026-09-11 23:38:55.512,1783.537777777778
Pulse experiments,pioreactor01,2026-09-11T17:54:00.476Z,0.0215234375,415,2026-09-11 23:39:00.476,1783.539166666667
Pulse experiments,pioreactor01,2026-09-11T17:54:00.482Z,0.17572265625,445,2026-09-11 23:39:00.482,1783.539166666667
Pulse experiments,pioreactor01,2026-09-11T17:54:00.486Z,0.1840234375,480,2026-09-11 23:39:00.486,1783.539166666667
Pulse experiments,pioreactor01,2026-09-11T17:54:00.491Z,0.21533203125,515,2026-09-11 23:39:00.491,1783.539166666667
Pulse experiments,pioreactor01,2026-09-11T17:54:00.495Z,0.2457421875,555,2026-09-11 23:39:00.495,1783.539166666667
Pulse experiments,pioreactor01,2026-09-11T17:54:00.500Z,0.243515625,590,2026-09-11 23:39:00.500,1783.539166666667
Pulse experiments,pioreactor01,2026-09-11T17:54:00.504Z,0.24994140625,630,2026-09-11 23:39:00.504,1783.539166666667
Pulse experiments,pioreactor01,2026-09-11T17:54:00.508Z,0.1295703125,680,2026-09-11 23:39:00.508,1783.539166666667
Pulse experiments,pioreactor01,2026-09-11T17:54:05.479Z,0.0215234375,415,2026-09-11 23:39:05.479,1783.540555555556
Pulse experiments,pioreactor01,2026-09-11T17:54:05.483Z,0.17587890625,445,2026-09-11 23:39:05.483,1783.540555555556
Pulse experiments,pioreactor01,2026-09-11T17:54:05.488Z,0.18416015625,480,2026-09-11 23:39:05.488,1783.540555555556
Pulse experiments,pioreactor01,2026-09-11T17:54:05.492Z,0.21564453125,515,2026-09-11 23:39:05.492,1783.540555555556
Pulse experiments,pioreactor01,2026-09-11T17:54:05.497Z,0.2457421875,555,2026-09-11 23:39:05.497,1783.540555555556
Pulse experiments,pioreactor01,2026-09-11T17:54:05.501Z,0.24326171875,590,2026-09-11 23:39:05.501,1783.540555555556
Pulse experiments,pioreactor01,2026-09-11T17:54:05.507Z,0.24958984375,630,2026-09-11 23:39:05.507,1783.540555555556
Pulse experiments,pioreactor01,2026-09-11T17:54:05.510Z,0.129296875,680,2026-09-11 23:39:05.510,1783.540555555556
Pulse experiments,pioreactor01,2026-09-11T17:54:10.476Z,0.02146484375,415,2026-09-11 23:39:10.476,1783.541944444444
Pulse experiments,pioreactor01,2026-09-11T17:54:10.483Z,0.1753125,445,2026-09-11 23:39:10.483,1783.541944444444
Pulse experiments,pioreactor01,2026-09-11T17:54:10.487Z,0.183203125,480,2026-09-11 23:39:10.487,1783.541944444444
Pulse experiments,pioreactor01,2026-09-11T17:54:10.493Z,0.21466796875,515,2026-09-11 23:39:10.493,1783.541944444444
Pulse experiments,pioreactor01,2026-09-11T17:54:10.497Z,0.24564453125,555,2026-09-11 23:39:10.497,1783.541944444444
Pulse experiments,pioreactor01,2026-09-11T17:54:10.501Z,0.24326171875,590,2026-09-11 23:39:10.501,1783.541944444444
Pulse experiments,pioreactor01,2026-09-11T17:54:10.506Z,0.249453125,630,2026-09-11 23:39:10.506,1783.541944444444
Pulse experiments,pioreactor01,2026-09-11T17:54:10.510Z,0.12939453125,680,2026-09-11 23:39:10.510,1783.541944444444
Pulse experiments,pioreactor01,2026-09-11T17:54:15.476Z,0.0215234375,415,2026-09-11 23:39:15.476,1783.543333333333
Pulse experiments,pioreactor01,2026-09-11T17:54:15.481Z,0.1755859375,445,2026-09-11 23:39:15.481,1783.543333333333
Pulse experiments,pioreactor01,2026-09-11T17:54:15.486Z,0.1836328125,480,2026-09-11 23:39:15.486,1783.543333333333
Pulse experiments,pioreactor01,2026-09-11T17:54:15.491Z,0.21521484375,515,2026-09-11 23:39:15.491,1783.543333333333
Pulse experiments,pioreactor01,2026-09-11T17:54:15.497Z,0.245390625,555,2026-09-11 23:39:15.497,1783.543333333333
Pulse experiments,pioreactor01,2026-09-11T17:54:15.503Z,0.2433203125,590,2026-09-11 23:39:15.503,1783.543333333333
Pulse experiments,pioreactor01,2026-09-11T17:54:15.509Z,0.24982421875,630,2026-09-11 23:39:15.509,1783.543333333333
Pulse experiments,pioreactor01,2026-09-11T17:54:15.514Z,0.12923828125,680,2026-09-11 23:39:15.514,1783.543333333333
Pulse experiments,pioreactor01,2026-09-11T17:54:20.477Z,0.02154296875,415,2026-09-11 23:39:20.477,1783.544722222222
Pulse experiments,pioreactor01,2026-09-11T17:54:20.482Z,0.17580078125,445,2026-09-11 23:39:20.482,1783.544722222222
Pulse experiments,pioreactor01,2026-09-11T17:54:20.487Z,0.183828125,480,2026-09-11 23:39:20.487,1783.544722222222
Pulse experiments,pioreactor01,2026-09-11T17:54:20.492Z,0.21529296875,515,2026-09-11 23:39:20.492,1783.544722222222
Pulse experiments,pioreactor01,2026-09-11T17:54:20.497Z,0.24560546875,555,2026-09-11 23:39:20.497,1783.544722222222
Pulse experiments,pioreactor01,2026-09-11T17:54:20.501Z,0.243046875,590,2026-09-11 23:39:20.501,1783.544722222222
Pulse experiments,pioreactor01,2026-09-11T17:54:20.508Z,0.24953125,630,2026-09-11 23:39:20.508,1783.544722222222
Pulse experiments,pioreactor01,2026-09-11T17:54:20.512Z,0.1294140625,680,2026-09-11 23:39:20.512,1783.544722222222
Pulse experiments,pioreactor01,2026-09-11T17:54:25.476Z,0.021484375,415,2026-09-11 23:39:25.476,1783.546111111111
Pulse experiments,pioreactor01,2026-09-11T17:54:25.481Z,0.1755859375,445,2026-09-11 23:39:25.481,1783.546111111111
Pulse experiments,pioreactor01,2026-09-11T17:54:25.486Z,0.18361328125,480,2026-09-11 23:39:25.486,1783.546111111111
Pulse experiments,pioreactor01,2026-09-11T17:54:25.490Z,0.215,515,2026-09-11 23:39:25.490,1783.546111111111
Pulse experiments,pioreactor01,2026-09-11T17:54:25.495Z,0.2446875,555,2026-09-11 23:39:25.495,1783.546111111111
Pulse experiments,pioreactor01,2026-09-11T17:54:25.500Z,0.24296875,590,2026-09-11 23:39:25.500,1783.546111111111
Pulse experiments,pioreactor01,2026-09-11T17:54:25.504Z,0.2491796875,630,2026-09-11 23:39:25.504,1783.546111111111
Pulse experiments,pioreactor01,2026-09-11T17:54:25.509Z,0.128828125,680,2026-09-11 23:39:25.509,1783.546111111111
Pulse experiments,pioreactor01,2026-09-11T17:54:30.479Z,0.0215625,415,2026-09-11 23:39:30.479,1783.5475
Pulse experiments,pioreactor01,2026-09-11T17:54:30.484Z,0.17583984375,445,2026-09-11 23:39:30.484,1783.5475
Pulse experiments,pioreactor01,2026-09-11T17:54:30.487Z,0.18416015625,480,2026-09-11 23:39:30.487,1783.5475
Pulse experiments,pioreactor01,2026-09-11T17:54:30.493Z,0.21537109375,515,2026-09-11 23:39:30.493,1783.5475
Pulse experiments,pioreactor01,2026-09-11T17:54:30.497Z,0.24541015625,555,2026-09-11 23:39:30.497,1783.5475
Pulse experiments,pioreactor01,2026-09-11T17:54:30.503Z,0.24318359375,590,2026-09-11 23:39:30.503,1783.5475
Pulse experiments,pioreactor01,2026-09-11T17:54:30.507Z,0.2496484375,630,2026-09-11 23:39:30.507,1783.5475
Pulse experiments,pioreactor01,2026-09-11T17:54:30.512Z,0.12923828125,680,2026-09-11 23:39:30.512,1783.5475
Pulse experiments,pioreactor01,2026-09-11T17:54:35.476Z,0.02154296875,415,2026-09-11 23:39:35.476,1783.548888888889
Pulse experiments,pioreactor01,2026-09-11T17:54:35.481Z,0.1757421875,445,2026-09-11 23:39:35.481,1783.548888888889
Pulse experiments,pioreactor01,2026-09-11T17:54:35.488Z,0.18421875,480,2026-09-11 23:39:35.488,1783.548888888889
Pulse experiments,pioreactor01,2026-09-11T17:54:35.492Z,0.2156640625,515,2026-09-11 23:39:35.492,1783.548888888889
Pulse experiments,pioreactor01,2026-09-11T17:54:35.498Z,0.2451171875,555,2026-09-11 23:39:35.498,1783.548888888889
Pulse experiments,pioreactor01,2026-09-11T17:54:35.502Z,0.2434765625,590,2026-09-11 23:39:35.502,1783.548888888889
Pulse experiments,pioreactor01,2026-09-11T17:54:35.507Z,0.24939453125,630,2026-09-11 23:39:35.507,1783.548888888889
Pulse experiments,pioreactor01,2026-09-11T17:54:35.511Z,0.1291015625,680,2026-09-11 23:39:35.511,1783.548888888889
Pulse experiments,pioreactor01,2026-09-11T17:54:40.479Z,0.02146484375,415,2026-09-11 23:39:40.479,1783.550277777778
Pulse experiments,pioreactor01,2026-09-11T17:54:40.482Z,0.1753125,445,2026-09-11 23:39:40.482,1783.550277777778
Pulse experiments,pioreactor01,2026-09-11T17:54:40.489Z,0.18298828125,480,2026-09-11 23:39:40.489,1783.550277777778
Pulse experiments,pioreactor01,2026-09-11T17:54:40.492Z,0.214921875,515,2026-09-11 23:39:40.492,1783.550277777778
Pulse experiments,pioreactor01,2026-09-11T17:54:40.496Z,0.245234375,555,2026-09-11 23:39:40.496,1783.550277777778
Pulse experiments,pioreactor01,2026-09-11T17:54:40.502Z,0.24296875,590,2026-09-11 23:39:40.502,1783.550277777778
Pulse experiments,pioreactor01,2026-09-11T17:54:40.505Z,0.2494140625,630,2026-09-11 23:39:40.505,1783.550277777778
Pulse experiments,pioreactor01,2026-09-11T17:54:40.511Z,0.12919921875,680,2026-09-11 23:39:40.511,1783.550277777778
Pulse experiments,pioreactor01,2026-09-11T17:54:45.478Z,0.0215625,415,2026-09-11 23:39:45.478,1783.551666666667
Pulse experiments,pioreactor01,2026-09-11T17:54:45.482Z,0.17560546875,445,2026-09-11 23:39:45.482,1783.551666666667
Pulse experiments,pioreactor01,2026-09-11T17:54:45.488Z,0.18353515625,480,2026-09-11 23:39:45.488,1783.551666666667
Pulse experiments,pioreactor01,2026-09-11T17:54:45.492Z,0.2152734375,515,2026-09-11 23:39:45.492,1783.551666666667
Pulse experiments,pioreactor01,2026-09-11T17:54:45.498Z,0.2458984375,555,2026-09-11 23:39:45.498,1783.551666666667
Pulse experiments,pioreactor01,2026-09-11T17:54:45.502Z,0.24369140625,590,2026-09-11 23:39:45.502,1783.551666666667
Pulse experiments,pioreactor01,2026-09-11T17:54:45.508Z,0.24990234375,630,2026-09-11 23:39:45.508,1783.551666666667
Pulse experiments,pioreactor01,2026-09-11T17:54:45.511Z,0.129453125,680,2026-09-11 23:39:45.511,1783.551666666667
Pulse experiments,pioreactor01,2026-09-11T17:54:50.478Z,0.0215234375,415,2026-09-11 23:39:50.478,1783.553055555556
Pulse experiments,pioreactor01,2026-09-11T17:54:50.486Z,0.17580078125,445,2026-09-11 23:39:50.486,1783.553055555556
Pulse experiments,pioreactor01,2026-09-11T17:54:50.491Z,0.18365234375,480,2026-09-11 23:39:50.491,1783.553055555556
Pulse experiments,pioreactor01,2026-09-11T17:54:50.498Z,0.2154296875,515,2026-09-11 23:39:50.498,1783.553055555556
Pulse experiments,pioreactor01,2026-09-11T17:54:50.504Z,0.24603515625,555,2026-09-11 23:39:50.504,1783.553055555556
Pulse experiments,pioreactor01,2026-09-11T17:54:50.508Z,0.24353515625,590,2026-09-11 23:39:50.508,1783.553055555556
Pulse experiments,pioreactor01,2026-09-11T17:54:50.517Z,0.25013671875,630,2026-09-11 23:39:50.517,1783.553055555556
Pulse experiments,pioreactor01,2026-09-11T17:54:50.522Z,0.12958984375,680,2026-09-11 23:39:50.522,1783.553055555556
Pulse experiments,pioreactor01,2026-09-11T17:54:55.477Z,0.02154296875,415,2026-09-11 23:39:55.477,1783.554444444444
Pulse experiments,pioreactor01,2026-09-11T17:54:55.481Z,0.175546875,445,2026-09-11 23:39:55.481,1783.554444444444
Pulse experiments,pioreactor01,2026-09-11T17:54:55.487Z,0.18365234375,480,2026-09-11 23:39:55.487,1783.554444444444
Pulse experiments,pioreactor01,2026-09-11T17:54:55.491Z,0.2150390625,515,2026-09-11 23:39:55.491,1783.554444444444
Pulse experiments,pioreactor01,2026-09-11T17:54:55.497Z,0.24556640625,555,2026-09-11 23:39:55.497,1783.554444444444
Pulse experiments,pioreactor01,2026-09-11T17:54:55.501Z,0.243203125,590,2026-09-11 23:39:55.501,1783.554444444444
Pulse experiments,pioreactor01,2026-09-11T17:54:55.507Z,0.24953125,630,2026-09-11 23:39:55.507,1783.554444444444
Pulse experiments,pioreactor01,2026-09-11T17:54:55.511Z,0.12935546875,680,2026-09-11 23:39:55.511,1783.554444444444
