experiment,pioreactor_unit,timestamp,od_reading,angle,channel,timestamp_localtime,hours_since_experiment_created
Pulse experiments,pioreactor01,2026-09-11T17:52:13.958Z,0.002336284116,90,2,2026-09-11 23:37:13.958,1783.509444444444
Pulse experiments,pioreactor01,2026-09-11T17:52:13.958Z,0.371347807753,135,3,2026-09-11 23:37:13.958,1783.509444444444
Pulse experiments,pioreactor01,2026-09-11T17:52:13.958Z,0.022146660046,45,4,2026-09-11 23:37:13.958,1783.509444444444
Pulse experiments,pioreactor01,2026-09-11T17:52:18.898Z,0.002373852415,90,2,2026-09-11 23:37:18.898,1783.510833333333
Pulse experiments,pioreactor01,2026-09-11T17:52:18.898Z,0.372861662528,135,3,2026-09-11 23:37:18.898,1783.510833333333
Pulse experiments,pioreactor01,2026-09-11T17:52:18.898Z,0.022572045163,45,4,2026-09-11 23:37:18.898,1783.510833333333
Pulse experiments,pioreactor01,2026-09-11T17:52:23.900Z,0.002507453246,90,2,2026-09-11 23:37:23.900,1783.512222222222
Pulse experiments,pioreactor01,2026-09-11T17:52:23.900Z,0.373780654788,135,3,2026-09-11 23:37:23.900,1783.512222222222
Pulse experiments,pioreactor01,2026-09-11T17:52:23.900Z,0.023535597852,45,4,2026-09-11 23:37:23.900,1783.512222222222
Pulse experiments,pioreactor01,2026-09-11T17:52:28.898Z,0.002575822281,90,2,2026-09-11 23:37:28.898,1783.513611111111
Pulse experiments,pioreactor01,2026-09-11T17:52:28.898Z,0.372883586397,135,3,2026-09-11 23:37:28.898,1783.513611111111
Pulse experiments,pioreactor01,2026-09-11T17:52:28.898Z,0.023634475199,45,4,2026-09-11 23:37:28.898,1783.513611111111
Pulse experiments,pioreactor01,2026-09-11T17:52:33.897Z,0.002459414472,90,2,2026-09-11 23:37:33.897,1783.515
Pulse experiments,pioreactor01,2026-09-11T17:52:33.897Z,0.372434642008,135,3,2026-09-11 23:37:33.897,1783.515
Pulse experiments,pioreactor01,2026-09-11T17:52:33.897Z,0.022963857143,45,4,2026-09-11 23:37:33.897,1783.515
Pulse experiments,pioreactor01,2026-09-11T17:52:38.897Z,0.002526890673,90,2,2026-09-11 23:37:38.897,1783.516388888889
Pulse experiments,pioreactor01,2026-09-11T17:52:38.897Z,0.372559784817,135,3,2026-09-11 23:37:38.897,1783.516388888889
Pulse experiments,pioreactor01,2026-09-11T17:52:38.897Z,0.023136198007,45,4,2026-09-11 23:37:38.897,1783.516388888889
Pulse experiments,pioreactor01,2026-09-11T17:52:43.897Z,0.002387792737,90,2,2026-09-11 23:37:43.897,1783.517777777778
Pulse experiments,pioreactor01,2026-09-11T17:52:43.897Z,0.372216572899,135,3,2026-09-11 23:37:43.897,1783.517777777778
Pulse experiments,pioreactor01,2026-09-11T17:52:43.897Z,0.022337746448,45,4,2026-09-11 23:37:43.897,1783.517777777778
Pulse experiments,pioreactor01,2026-09-11T17:52:48.899Z,0.002312507464,90,2,2026-09-11 23:37:48.899,1783.519166666667
Pulse experiments,pioreactor01,2026-09-11T17:52:48.899Z,0.372232910634,135,3,2026-09-11 23:37:48.899,1783.519166666667
Pulse experiments,pioreactor01,2026-09-11T17:52:48.899Z,0.02167149107,45,4,2026-09-11 23:37:48.899,1783.519166666667
Pulse experiments,pioreactor01,2026-09-11T17:52:53.897Z,0.00239429421,90,2,2026-09-11 23:37:53.897,1783.520555555556
Pulse experiments,pioreactor01,2026-09-11T17:52:53.897Z,0.371666273717,135,3,2026-09-11 23:37:53.897,1783.520555555556
Pulse experiments,pioreactor01,2026-09-11T17:52:53.897Z,0.022431068874,45,4,2026-09-11 23:37:53.897,1783.520555555556
Pulse experiments,pioreactor01,2026-09-11T17:52:58.899Z,0.002455730528,90,2,2026-09-11 23:37:58.899,1783.521944444444
Pulse experiments,pioreactor01,2026-09-11T17:52:58.899Z,0.37200868643,135,3,2026-09-11 23:37:58.899,1783.521944444444
Pulse experiments,pioreactor01,2026-09-11T17:52:58.899Z,0.022817944003,45,4,2026-09-11 23:37:58.899,1783.521944444444
Pulse experiments,pioreactor01,2026-09-11T17:53:03.898Z,0.002429470547,90,2,2026-09-11 23:38:03.898,1783.523333333333
Pulse experiments,pioreactor01,2026-09-11T17:53:03.898Z,0.371901762724,135,3,2026-09-11 23:38:03.898,1783.523333333333
Pulse experiments,pioreactor01,2026-09-11T17:53:03.898Z,0.022677093448,45,4,2026-09-11 23:38:03.898,1783.523333333333
Pulse experiments,pioreactor01,2026-09-11T17:53:08.899Z,0.00251720816,90,2,2026-09-11 23:38:08.899,1783.524722222222
Pulse experiments,pioreactor01,2026-09-11T17:53:08.899Z,0.371598509413,135,3,2026-09-11 23:38:08.899,1783.524722222222
Pulse experiments,pioreactor01,2026-09-11T17:53:08.899Z,0.023147962978,45,4,2026-09-11 23:38:08.899,1783.524722222222
Pulse experiments,pioreactor01,2026-09-11T17:53:13.897Z,0.002400341277,90,2,2026-09-11 23:38:13.897,1783.526111111111
Pulse experiments,pioreactor01,2026-09-11T17:53:13.897Z,0.371628195028,135,3,2026-09-11 23:38:13.897,1783.526111111111
Pulse experiments,pioreactor01,2026-09-11T17:53:13.897Z,0.022546923291,45,4,2026-09-11 23:38:13.897,1783.526111111111
Pulse experiments,pioreactor01,2026-09-11T17:53:18.898Z,0.002497982711,90,2,2026-09-11 23:38:18.898,1783.5275
Pulse experiments,pioreactor01,2026-09-11T17:53:18.898Z,0.371945355873,135,3,2026-09-11 23:38:18.898,1783.5275
Pulse experiments,pioreactor01,2026-09-11T17:53:18.898Z,0.022995399501,45,4,2026-09-11 23:38:18.898,1783.5275
Pulse experiments,pioreactor01,2026-09-11T17:53:23.898Z,0.002465727649,90,2,2026-09-11 23:38:23.898,1783.528888888889
Pulse experiments,pioreactor01,2026-09-11T17:53:23.898Z,0.371761156026,135,3,2026-09-11 23:38:23.898,1783.528888888889
Pulse experiments,pioreactor01,2026-09-11T17:53:23.898Z,0.023262964908,45,4,2026-09-11 23:38:23.898,1783.528888888889
Pulse experiments,pioreactor01,2026-09-11T17:53:28.898Z,0.002323329831,90,2,2026-09-11 23:38:28.898,1783.530277777778
Pulse experiments,pioreactor01,2026-09-11T17:53:28.898Z,0.371449706623,135,3,2026-09-11 23:38:28.898,1783.530277777778
Pulse experiments,pioreactor01,2026-09-11T17:53:28.898Z,0.022096075561,45,4,2026-09-11 23:38:28.898,1783.530277777778
Pulse experiments,pioreactor01,2026-09-11T17:53:33.899Z,0.002306750578,90,2,2026-09-11 23:38:33.899,1783.531666666667
Pulse experiments,pioreactor01,2026-09-11T17:53:33.899Z,0.371630939286,135,3,2026-09-11 23:38:33.899,1783.531666666667
Pulse experiments,pioreactor01,2026-09-11T17:53:33.899Z,0.022204567594,45,4,2026-09-11 23:38:33.899,1783.531666666667
Pulse experiments,pioreactor01,2026-09-11T17:53:38.898Z,0.002743598403,90,2,2026-09-11 23:38:38.898,1783.533055555556
Pulse experiments,pioreactor01,2026-09-11T17:53:38.898Z,0.37245454668,135,3,2026-09-11 23:38:38.898,1783.533055555556
Pulse experiments,pioreactor01,2026-09-11T17:53:38.898Z,0.024865919402,45,4,2026-09-11 23:38:38.898,1783.533055555556
Pulse experiments,pioreactor01,2026-09-11T17:53:43.898Z,0.002467578106,90,2,2026-09-11 23:38:43.898,1783.534444444444
Pulse experiments,pioreactor01,2026-09-11T17:53:43.898Z,0.372415601132,135,3,2026-09-11 23:38:43.898,1783.534444444444
Pulse experiments,pioreactor01,2026-09-11T17:53:43.898Z,0.023074017568,45,4,2026-09-11 23:38:43.898,1783.534444444444
Pulse experiments,pioreactor01,2026-09-11T17:53:48.904Z,0.002608275875,90,2,2026-09-11 23:38:48.904,1783.535833333333
Pulse experiments,pioreactor01,2026-09-11T17:53:48.904Z,0.37104624162,135,3,2026-09-11 23:38:48.904,1783.535833333333
Pulse experiments,pioreactor01,2026-09-11T17:53:48.904Z,0.023906141506,45,4,2026-09-11 23:38:48.904,1783.535833333333
Pulse experiments,pioreactor01,2026-09-11T17:53:53.899Z,0.00244881535,90,2,2026-09-11 23:38:53.899,1783.537222222222
Pulse experiments,pioreactor01,2026-09-11T17:53:53.899Z,0.371053630656,135,3,2026-09-11 23:38:53.899,1783.537222222222
Pulse experiments,pioreactor01,2026-09-11T17:53:53.899Z,0.022860290067,45,4,2026-09-11 23:38:53.899,1783.537222222222
Pulse experiments,pioreactor01,2026-09-11T17:53:58.898Z,0.00246524192,90,2,2026-09-11 23:38:58.898,1783.538611111111
Pulse experiments,pioreactor01,2026-09-11T17:53:58.898Z,0.371174057727,135,3,2026-09-11 23:38:58.898,1783.538611111111
Pulse experiments,pioreactor01,2026-09-11T17:53:58.898Z,0.022795556492,45,4,2026-09-11 23:38:58.898,1783.538611111111
Pulse experiments,pioreactor01,2026-09-11T17:54:03.900Z,0.002490145833,90,2,2026-09-11 23:39:03.900,1783.54
Pulse experiments,pioreactor01,2026-09-11T17:54:03.900Z,0.371267943338,135,3,2026-09-11 23:39:03.900,1783.54
Pulse experiments,pioreactor01,2026-09-11T17:54:03.900Z,0.02303891239,45,4,2026-09-11 23:39:03.900,1783.54
Pulse experiments,pioreactor01,2026-09-11T17:54:08.899Z,0.002426393376,90,2,2026-09-11 23:39:08.899,1783.541388888889
Pulse experiments,pioreactor01,2026-09-11T17:54:08.899Z,0.371469122201,135,3,2026-09-11 23:39:08.899,1783.541388888889
Pulse experiments,pioreactor01,2026-09-11T17:54:08.899Z,0.022385244139,45,4,2026-09-11 23:39:08.899,1783.541388888889
Pulse experiments,pioreactor01,2026-09-11T17:54:13.897Z,0.002463069131,90,2,2026-09-11 23:39:13.897,1783.542777777778
Pulse experiments,pioreactor01,2026-09-11T17:54:13.897Z,0.371735955174,135,3,2026-09-11 23:39:13.897,1783.542777777778
Pulse experiments,pioreactor01,2026-09-11T17:54:13.897Z,0.02261408637,45,4,2026-09-11 23:39:13.897,1783.542777777778
Pulse experiments,pioreactor01,2026-09-11T17:54:18.897Z,0.002545173469,90,2,2026-09-11 23:39:18.897,1783.544166666667
Pulse experiments,pioreactor01,2026-09-11T17:54:18.897Z,0.371596870308,135,3,2026-09-11 23:39:18.897,1783.544166666667
Pulse experiments,pioreactor01,2026-09-11T17:54:18.897Z,0.02316426229,45,4,2026-09-11 23:39:18.897,1783.544166666667
Pulse experiments,pioreactor01,2026-09-11T17:54:23.900Z,0.002651080686,90,2,2026-09-11 23:39:23.900,1783.545555555556
Pulse experiments,pioreactor01,2026-09-11T17:54:23.900Z,0.370664007653,135,3,2026-09-11 23:39:23.900,1783.545555555556
Pulse experiments,pioreactor01,2026-09-11T17:54:23.900Z,0.024445189386,45,4,2026-09-11 23:39:23.900,1783.545555555556
Pulse experiments,pioreactor01,2026-09-11T17:54:28.899Z,0.002480783235,90,2,2026-09-11 23:39:28.899,1783.546944444445
Pulse experiments,pioreactor01,2026-09-11T17:54:28.899Z,0.371472940725,135,3,2026-09-11 23:39:28.899,1783.546944444445
Pulse experiments,pioreactor01,2026-09-11T17:54:28.899Z,0.023378834439,45,4,2026-09-11 23:39:28.899,1783.546944444445
Pulse experiments,pioreactor01,2026-09-11T17:54:33.899Z,0.002498146918,90,2,2026-09-11 23:39:33.899,1783.548333333333
Pulse experiments,pioreactor01,2026-09-11T17:54:33.899Z,0.371595581672,135,3,2026-09-11 23:39:33.899,1783.548333333333
Pulse experiments,pioreactor01,2026-09-11T17:54:33.899Z,0.023413104043,45,4,2026-09-11 23:39:33.899,1783.548333333333
Pulse experiments,pioreactor01,2026-09-11T17:54:38.898Z,0.002372530858,90,2,2026-09-11 23:39:38.898,1783.549722222222
Pulse experiments,pioreactor01,2026-09-11T17:54:38.898Z,0.371973263489,135,3,2026-09-11 23:39:38.898,1783.549722222222
Pulse experiments,pioreactor01,2026-09-11T17:54:38.898Z,0.02224889844,45,4,2026-09-11 23:39:38.898,1783.549722222222
Pulse experiments,pioreactor01,2026-09-11T17:54:43.898Z,0.002403141491,90,2,2026-09-11 23:39:43.898,1783.551111111111
Pulse experiments,pioreactor01,2026-09-11T17:54:43.898Z,0.371356379775,135,3,2026-09-11 23:39:43.898,1783.551111111111
Pulse experiments,pioreactor01,2026-09-11T17:54:43.898Z,0.022532563443,45,4,2026-09-11 23:39:43.898,1783.551111111111
Pulse experiments,pioreactor01,2026-09-11T17:54:48.900Z,0.00231253546,90,2,2026-09-11 23:39:48.900,1783.5525
Pulse experiments,pioreactor01,2026-09-11T17:54:48.900Z,0.371792443874,135,3,2026-09-11 23:39:48.900,1783.5525
Pulse experiments,pioreactor01,2026-09-11T17:54:48.900Z,0.022031580596,45,4,2026-09-11 23:39:48.900,1783.5525
Pulse experiments,pioreactor01,2026-09-11T17:54:53.901Z,0.002340807718,90,2,2026-09-11 23:39:53.901,1783.553888888889
Pulse experiments,pioreactor01,2026-09-11T17:54:53.901Z,0.37190772065,135,3,2026-09-11 23:39:53.901,1783.553888888889
Pulse experiments,pioreactor01,2026-09-11T17:54:53.901Z,0.022411208487,45,4,2026-09-11 23:39:53.901,1783.553888888889
Pulse experiments,pioreactor01,2026-09-11T17:54:58.899Z,0.002286663625,90,2,2026-09-11 23:39:58.899,1783.555277777778
Pulse experiments,pioreactor01,2026-09-11T17:54:58.899Z,0.371632321804,135,3,2026-09-11 23:39:58.899,1783.555277777778
Pulse experiments,pioreactor01,2026-09-11T17:54:58.899Z,0.022025368204,45,4,2026-09-11 23:39:58.899,1783.555277777778
