order,type,fraction,replicate,S_mL,water_mL,fill_time,record_start,record_end,start_dt,end_dt,n_points,status,I_415_mean,I_415_std,I_415_cv_pct,I_445_mean,I_445_std,I_445_cv_pct,I_480_mean,I_480_std,I_480_cv_pct,I_515_mean,I_515_std,I_515_cv_pct,I_555_mean,I_555_std,I_555_cv_pct,I_590_mean,I_590_std,I_590_cv_pct,I_630_mean,I_630_std,I_630_cv_pct,I_680_mean,I_680_std,I_680_cv_pct
1,blank,0.0,,0.0,15.0,9.14 pm,9.16 pm,9.19 pm,2026-09-22 21:16:00,2026-09-22 21:18:00,0,SKIPPED_PRE_RECORDING,,,,,,,,,,,,,,,,,,,,,,,,
2,sample,0.5,2.0,7.5,7.5,9.22 pm,9.24 pm,9.27 pm,2026-09-22 21:24:00,2026-09-22 21:26:00,0,SKIPPED_PRE_RECORDING,,,,,,,,,,,,,,,,,,,,,,,,
3,sample,0.35,1.0,5.25,9.75,9.30 pm,9.32 pm,9.35 pm,2026-09-22 21:32:00,2026-09-22 21:34:00,24,VALID,0.02118245442708333,5.8729227059468375e-05,0.2772541173716806,0.17504150390624998,0.00019465859456202787,0.11120710815320951,0.18061848958333335,0.0002914456938229101,0.1613598333676927,0.21312337239583332,0.0004620112836271071,0.21678114344447175,0.2414510091145833,0.0002817707738171417,0.11669894230320826,0.24078369140625,0.0005445137939168026,0.22614230670552327,0.24723063151041666,0.0006584183887996365,0.26631748047445936,0.12600992838541666,0.00032730102281321226,0.2597422496837887
4,sample,0.2,1.0,3.0,12.0,9.38 pm,9.39 pm,9.42 pm,2026-09-22 21:39:00,2026-09-22 21:41:00,24,VALID,0.016381022135416666,6.26905549447211e-05,0.38270233949065174,0.12216552734375001,9.020714919000662e-05,0.07384010133741023,0.11952555338541666,6.135347811187239e-05,0.051330846312030665,0.14570393880208332,9.832973720091304e-05,0.06748598425638928,0.16903889973958333,0.00011078214090184686,0.06553647774122688,0.19988688151041667,0.0005908697292447529,0.29560205491222347,0.21735677083333335,0.001297637337053188,0.5970080122547465,0.11049723307291666,0.0007520656978893833,0.6806194842843697
5,blank,0.0,,0.0,15.0,9.50 pm,9.52 pm,9.55 pm,2026-09-22 21:52:00,2026-09-22 21:54:00,24,VALID,0.015818684895833334,0.003732368558020113,23.594683013144945,0.11764648437499999,0.03051735427907035,25.939877796769355,0.11388834635416667,0.026710215768044675,23.452984105135762,0.13732503255208336,0.03328517549351553,24.238243293983153,0.17060953776041665,0.029753915190668386,17.43977246597501,0.19947509765624996,0.03554872604048806,17.821134797361132,0.209970703125,0.03762982526775212,17.92146461754252,0.10680501302083334,0.018072058105978953,16.920608494709725
6,sample,1.0,3.0,15.0,0.0,9.58 pm,10.00 pm,10.03 pm,2026-09-22 22:00:00,2026-09-22 22:02:00,24,VALID,0.020703938802083332,2.1145241056998224e-05,0.10213148937085578,0.17209391276041663,0.0001489660888706615,0.08656092855419419,0.17594401041666666,0.0001873961820069911,0.1065089863321881,0.20778076171875,0.0001667072688970092,0.08023229269063056,0.23523600260416666,0.00024072279261330273,0.10233246184614382,0.2343196614583333,0.00020538454613808338,0.08765143516332916,0.2396435546875,0.00022720652584834952,0.09481019681277528,0.12186360677083334,0.0001545333547732954,0.1268084532110543
7,sample,0.7,2.0,10.5,4.5,10.06 pm,10.07 pm,10.10 pm,2026-09-22 22:07:00,2026-09-22 22:09:00,24,VALID,0.020723470052083335,2.963693416629085e-05,0.14301144592004003,0.17225504557291668,0.00011817113882797046,0.06860242522065796,0.17613118489583335,0.00011062295538083189,0.06280713744488575,0.20799235026041665,0.00014829655407324038,0.07129904243476541,0.23558105468749999,0.00019276962172312047,0.0818273022755717,0.23452799479166667,0.0001450955067148543,0.06186703077547052,0.23982666015624998,0.00013300623507691737,0.05545932007319878,0.12191162109375002,9.625566634951988e-05,0.07895528374239179
8,sample,0.1,1.0,1.5,13.5,10.18 pm,10.19 pm,10.22 pm,2026-09-22 22:19:00,2026-09-22 22:21:00,24,VALID,0.013819173177083333,0.005259650036741949,38.06052626552328,0.10390299479166666,0.04469321295102883,43.01436454323775,0.10539632161458334,0.040940993613943134,38.844803107699974,0.12608642578124998,0.05058249500824944,40.117320080121935,0.14428873697916667,0.05766581286769552,39.965567704720904,0.16555501302083334,0.06822982287078176,41.212779743610525,0.18336588541666665,0.07689362278012403,41.9345303001138,0.09471354166666666,0.03733680072423022,39.42076293127414
9,blank,0.0,,0.0,15.0,10.25 pm,10.26 pm,10.29 pm,2026-09-22 22:26:00,2026-09-22 22:28:00,24,VALID,0.0145263671875,0.005644980065981963,38.86023252144894,0.10709798177083334,0.04628658686906143,43.218916083876145,0.10585123697916667,0.04112505818648516,38.851750211080926,0.1258349609375,0.05046313213609759,40.1026326548166,0.15751790364583335,0.05852459486604869,37.15424946083377,0.1795694986979167,0.06824788158332988,38.00638865631676,0.1891634114583333,0.07241083055708485,38.279511877504206,0.09814778645833333,0.03544518134434995,36.11409143638455
10,sample,0.05,3.0,0.75,14.25,10.32 pm,10.34 pm,10.37 pm,2026-09-22 22:34:00,2026-09-22 22:36:00,24,VALID,0.017618001302083332,2.4079168209079946e-05,0.1366736657366042,0.13421061197916667,6.462829936274929e-05,0.048154388397231546,0.12999186197916668,7.237608760344885e-05,0.05567739895521175,0.15483072916666665,8.747290276592605e-05,0.056495828209764704,0.19227213541666666,0.00012835524667924973,0.06675707137755311,0.21638509114583335,0.00015908149735913946,0.07351777172666948,0.22508056640625,0.00018656644752953843,0.08288874091102247,0.11398844401041668,0.00011388274511434839,0.09990727227046049
11,sample,0.2,2.0,3.0,12.0,10.41 pm,10.43 pm,10.45 pm,2026-09-22 22:43:00,2026-09-22 22:45:00,24,VALID,0.020630696614583333,2.6692535734242194e-05,0.12938261966090808,0.1696207682291667,0.00013031090276255952,0.07682485118007634,0.17476399739583334,0.00021633749700828185,0.12378836615775402,0.206220703125,0.00019309199714491893,0.09363366248823081,0.2355672200520833,0.00029679225813188,0.12599047442435327,0.23471598307291663,0.0002908368518376185,0.12391011810527934,0.24186116536458335,0.00030089918452739475,0.12440987955789308,0.12329427083333333,0.00020554599084751538,0.16671171292733322
12,sample,0.5,1.0,7.5,7.5,10.49 pm,10.51 pm,10.54 pm,2026-09-22 22:51:00,2026-09-22 22:53:00,24,VALID,0.0179541015625,2.3920798269366893e-05,0.13323305644727604,0.13879313151041667,0.00014604260453232216,0.10522322174232478,0.13472086588541668,0.000123456520094605,0.09163875193587884,0.16055582682291666,0.00015550296610566532,0.09685289483587267,0.19832438151041665,0.0002175654529238836,0.10970181843852433,0.2127685546875,0.0002142833290994103,0.1007119352829816,0.2192138671875,0.000180781647802632,0.08246816231201477,0.11125244140625,0.00016057537491338708,0.14433424820497123
13,blank,0.0,,0.0,15.0,11.00 pm,11.02 pm,11.05 pm,2026-09-22 23:02:00,2026-09-22 23:04:00,24,VALID,0.0149462890625,0.005104369661840952,34.15141805766177,0.11299560546875,0.04303255122052606,38.08338478475353,0.113994140625,0.03947526989624585,34.62920960657564,0.13556722005208333,0.04832967338497657,35.64997007861405,0.16055094401041667,0.05782223611052672,36.01488391545998,0.18698974609375,0.0691559096711173,36.98379783693861,0.200849609375,0.0748416757620803,37.26254484386164,0.10319580078125001,0.03632760581224699,35.20260082021426
14,sample,0.85,2.0,12.75,2.25,11.08 pm,11.10 pm,11.13 pm,2026-09-22 23:10:00,2026-09-22 23:12:00,24,VALID,0.015690104166666666,0.006427146941592373,40.963061005335625,0.12285563151041667,0.05680942186091984,46.24079593461948,0.12593505859375,0.05441955580588339,43.21239566928995,0.14863688151041668,0.06531202105679916,43.94065617706195,0.17024576822916668,0.07387864519844178,43.39529021302558,0.18107828776041665,0.07621130267451565,42.087488023605715,0.19017008463541665,0.08028187177157564,42.21582586214205,0.09830485026041665,0.039142913994198225,39.81788679857181
15,sample,0.2,3.0,3.0,12.0,11.16 pm,11.17 pm,11.20 pm,2026-09-22 23:17:00,2026-09-22 23:19:00,24,VALID,0.020172526041666666,3.48752102157181e-05,0.1728846954698822,0.16474934895833332,0.0001780468677961495,0.10807136351183959,0.16837727864583332,0.00025380280257480503,0.1507345911609943,0.19932942708333332,0.00023207563972380986,0.11642818780931245,0.2261295572916667,0.0003296835290646244,0.1457940894650015,0.2247314453125,0.0003030287072864659,0.1348403677398549,0.22955240885416664,0.0002990989458785633,0.1302965834127139,0.11721516927083332,0.00020402743159385998,0.174062310247952
16,sample,0.7,1.0,10.5,4.5,11.30 pm,11.32 pm,11.35 pm,2026-09-22 23:32:00,2026-09-22 23:34:00,24,VALID,0.01790690104166667,2.4883674112132518e-05,0.13896136497449751,0.13883707682291668,8.884859991845819e-05,0.06399486502570377,0.13649983723958334,8.24586044548318e-05,0.0604093060639341,0.16226236979166667,7.889957955375367e-05,0.04862469323913802,0.19755045572916666,0.00011372789960767339,0.05756903935650219,0.22743896484375004,0.0001664583590621792,0.07318814486186906,0.23969075520833336,0.00017673791105484688,0.07373580633146681,0.12100097656250001,0.00010545459597054745,0.0871518552712486
17,blank,0.0,,0.0,15.0,11.40 pm,11.42 pm,11.45 pm,2026-09-22 23:42:00,2026-09-22 23:44:00,24,VALID,0.015246582031249999,0.0036962973355921577,24.24344897771894,0.11440348307291666,0.0305951209707225,26.743172628076607,0.11544352213541668,0.02820412088043524,24.43109873878541,0.13764567057291666,0.03458874112480351,25.128826050856723,0.16466064453124998,0.041508643956135925,25.20860043655316,0.19196370442708333,0.04923559803564539,25.64838920075505,0.203046875,0.05252033290084379,25.86611239441326,0.10308756510416667,0.024951708329117438,24.204382268515644
18,sample,0.0,2.0,0.0,15.0,11.46 pm,11.47 pm,11.50 pm,2026-09-22 23:47:00,2026-09-22 23:49:00,24,VALID,0.017010091145833333,2.4378654123861982e-05,0.14331877421969957,0.13139811197916665,6.254156085321185e-05,0.04759700113737395,0.12962646484374998,7.819131441648887e-05,0.0603204866465653,0.15462483723958334,8.083347823812447e-05,0.05227716302321928,0.18465006510416662,8.482572493324337e-05,0.04593863797740371,0.21462727864583334,0.00014851308799598544,0.06919581188980825,0.2274495442708333,0.00019066452011859555,0.08382717174916106,0.11475667317708332,0.00012993648733945577,0.1132278269682393
19,sample,0.35,3.0,5.25,9.75,11.53 pm,11.54 pm,11.57 pm,2026-09-22 23:54:00,2026-09-22 23:56:00,24,VALID,0.020328776041666666,0.00010167783654523649,0.5001670358157991,0.16629557291666666,0.0001837316154813863,0.11048497098203397,0.17101399739583334,0.00044723601998011164,0.2615201251304171,0.20302246093749998,0.0007111290073676758,0.35027110009596196,0.23075520833333332,0.00020962082354239114,0.09084121006689787,0.23078043619791666,0.0005338759567867662,0.23133501503953985,0.23690348307291664,0.0005710280176498919,0.2410382533186035,0.1208984375,0.0002585987270472054,0.21389749313112952
20,sample,1.0,1.0,15.0,0.0,12.00 am,12.01 am,12.03 am,2026-09-23 00:01:00,2026-09-23 00:03:00,24,VALID,0.020203450520833333,3.773063465086554e-05,0.18675341923380157,0.16582682291666667,0.00019494417262499918,0.11755889016999675,0.17015706380208337,0.00027188510014959085,0.1597847859350885,0.2021500651041667,0.0002117659251582763,0.10475679295436023,0.22998779296875002,0.0002679112381737393,0.1164893295924372,0.22970540364583333,0.00025717847729641116,0.1119601338124969,0.23588948567708332,0.00026108674900183175,0.11068180858185504,0.12020914713541668,0.00021950078350777585,0.1825990689880748
21,blank,0.0,,0.0,15.0,12.06 am,12.07 am,12.10 am,2026-09-23 00:07:00,2026-09-23 00:09:00,24,VALID,0.014655761718749999,0.005088773757575837,34.72200118445882,0.10884358723958333,0.04286145740991512,39.37894596910862,0.10850423177083333,0.039633220751335095,36.52688941666584,0.13129801432291666,0.049000739720460776,37.32024431073839,0.15397216796875,0.056923873268426003,36.970235607762056,0.17773600260416667,0.06526997636194976,36.72299106856341,0.1894921875,0.06990265255456925,36.889464139290304,0.09693522135416666,0.03364623745227007,34.710022819609335
22,sample,0.35,2.0,5.25,9.75,12.14 am,12.15 am,12.18 am,2026-09-23 00:15:00,2026-09-23 00:17:00,24,VALID,0.0165283203125,2.4604387218836514e-05,0.14886199416300497,0.12759765625,6.863178448089869e-05,0.0537876529224248,0.12382242838541667,8.295992797769969e-05,0.06699911240593179,0.15005777994791666,9.151533901889926e-05,0.06098673394386028,0.17010986328125,0.00010331956604943594,0.06073696378123192,0.19546468098958333,0.00016512450321115628,0.08447792326223685,0.2191072591145833,0.00046514404914363335,0.21229056993514933,0.11322428385416668,0.0003684661274829731,0.32543030076265167
23,sample,0.0,3.0,0.0,15.0,12.22 am,12.23 am,12.26 am,2026-09-23 00:23:00,2026-09-23 00:25:00,24,VALID,0.01923828125,2.7621358640098924e-05,0.1435749809515802,0.15565429687500001,0.00016682537096850022,0.10717684915725215,0.15807698567708334,0.00019590426374098904,0.12392965547886808,0.18838948567708336,0.00016522491592160587,0.08770389458189633,0.21412109375,0.00015389702507666018,0.0718738272728724,0.21302164713541663,0.00012224144480794402,0.05738451770126246,0.21770345052083337,0.000132331673713905,0.06078528998842917,0.11144694010416667,8.770959365434428e-05,0.07870076430305248
24,sample,0.5,3.0,7.5,7.5,12.29 am,12.31 am,12.34 am,2026-09-23 00:31:00,2026-09-23 00:33:00,24,VALID,0.01682373046875,2.498068685475684e-05,0.14848482565242202,0.13030517578124998,5.952400697158108e-05,0.04568046251018233,0.129912109375,8.772535034066004e-05,0.06752669228657887,0.15544433593749998,6.869217321627875e-05,0.04419084992836152,0.17915771484374998,9.434123816292383e-05,0.05265820578544569,0.20875162760416668,0.0001611531830695273,0.07719852770446646,0.22814778645833333,0.00042474408522103375,0.18617059223522417,0.11634114583333333,0.00021470217255464155,0.18454534809397283
25,blank,0.0,,0.0,15.0,12.37 am,12.39 am,12.42 am,2026-09-23 00:39:00,2026-09-23 00:41:00,24,VALID,0.020093587239583335,2.8785255703591164e-05,0.14325593215573618,0.1666194661458333,0.00016258765740802524,0.0975802294707395,0.1657779947916667,0.00015748352540289286,0.09499664029644134,0.19905192057291665,0.00015571613605789577,0.07822890410185913,0.22493977864583334,0.00020033593091881352,0.08906202901277036,0.22403157552083333,0.0001688920868998293,0.07538762627865532,0.2288720703125,0.0001700014064564796,0.07427791701467161,0.11642822265625001,0.00012972357254754818,0.11141935313274703
26,sample,1.0,2.0,15.0,0.0,12.46 am,12.48 am,12.51 am,2026-09-23 00:48:00,2026-09-23 00:50:00,24,VALID,0.016122233072916665,2.0749351292829326e-05,0.1287002315311124,0.12090738932291667,5.9570428508737405e-05,0.04926946884084816,0.11764160156249999,6.917338521654574e-05,0.05880010497799597,0.14323323567708332,7.053368710944013e-05,0.0492439389335985,0.1660994466145833,0.00010082810335694799,0.06070345531668701,0.19653157552083333,0.0001203872307846397,0.06125592310833434,0.21440836588541667,0.00023840784003355847,0.11119334781972431,0.1090478515625,0.0002358739713006218,0.21630318059538503
27,sample,0.05,2.0,0.75,14.25,12.54 am,12.56 am,12.59 am,2026-09-23 00:56:00,2026-09-23 00:58:00,24,VALID,0.020773111979166668,3.043076703925467e-05,0.1464911327189381,0.1723250325520833,0.000103426529071076,0.060018284946394246,0.17637695312499999,0.00018176522067867829,0.1030549725790192,0.20858886718749994,0.00017019641817124772,0.08159420033584948,0.23654215494791667,0.00023249066781600542,0.09828720291619761,0.23480875651041666,0.00021832645078341173,0.09298054043130469,0.24033691406250002,0.00029939454390827375,0.1245728501908016,0.12223876953125,0.00020385630954159885,0.1667689476287501
28,sample,0.85,1.0,12.75,2.25,1.02 am,1.04 am,1.07 am,2026-09-23 01:04:00,2026-09-23 01:06:00,24,VALID,0.016390787760416668,1.6268963587763794e-05,0.09925675218034928,0.12878499348958333,4.6068111402319126e-05,0.0357713349622876,0.12899739583333333,6.031404288595067e-05,0.04675601588413254,0.15509358723958333,8.205534039596311e-05,0.052906984651278195,0.17734293619791663,0.0001047015623582332,0.05903903736057754,0.20328206380208336,0.00016192963355345194,0.07965760998526049,0.22800618489583332,0.00029965295298290333,0.13142316868281553,0.11672444661458332,0.0002319907576985296,0.19875078822566475
29,blank,0.0,,0.0,15.0,1.09 am,1.10 am,1.13 am,2026-09-23 01:10:00,2026-09-23 01:12:00,24,VALID,0.018636881510416665,3.406323166741016e-05,0.18277323729493739,0.14698079427083333,9.195603445199044e-05,0.06256329944887097,0.14529866536458333,0.00011468095603856108,0.07892774221346335,0.17164143880208335,0.00011781973455441516,0.06864294273964398,0.21212158203125,0.00015718264665677702,0.07410026134616547,0.22900716145833333,0.00023236132999167108,0.10146465661247368,0.23740152994791663,0.00027279860133789727,0.11491021199305093,0.12037272135416666,0.0001855505994572798,0.15414671810180608
30,sample,0.1,2.0,1.5,13.5,1.17 am,1.18 am,1.21 am,2026-09-23 01:18:00,2026-09-23 01:20:00,24,VALID,0.016178385416666666,2.680878734726391e-05,0.16570743406598537,0.12151041666666668,4.943296135884121e-05,0.040682077071999626,0.11850260416666668,7.931888939527858e-05,0.06693430068736836,0.14459716796875,7.997398036254214e-05,0.05530812358636645,0.16526774088541665,0.00010099246361551649,0.061108394823123115,0.19314860026041666,0.00012980878037153982,0.06720668966615466,0.21402669270833333,0.0002680878734726369,0.12525908337890168,0.10917643229166667,0.00019289147131677114,0.17667867255586658
31,sample,0.1,3.0,1.5,13.5,1.22 am,1.24 am,1.27 am,2026-09-23 01:24:00,2026-09-23 01:26:00,24,VALID,0.020345865885416665,2.6063771472162633e-05,0.12810352539895783,0.169072265625,0.00010238224777922078,0.06055531781084854,0.17471761067708336,0.00011359109592586188,0.06501410789997766,0.20578125000000003,0.00014829888407652753,0.07206627624068156,0.23334879557291668,0.00016840651359007085,0.07216943767659058,0.2318408203125,0.000128430600963156,0.05539602594143836,0.23805501302083334,0.00019942317099783712,0.08377188468632862,0.12180013020833332,9.492908522520138e-05,0.07793841029794443
32,sample,0.85,3.0,12.75,2.25,1.31 am,1.33 am,1.36 am,2026-09-23 01:33:00,2026-09-23 01:35:00,24,VALID,0.01758544921875,2.430768263666277e-05,0.13822611145324268,0.1342073567708333,9.104974392760244e-05,0.06784258785684533,0.12781005859375,0.00010356007748885973,0.08102654722820377,0.15307942708333333,9.173030127183687e-05,0.05992333719795068,0.19012939453125,0.00010411911030879978,0.05476223735182967,0.21264567057291664,0.00014818467083145545,0.06968619226162079,0.2205517578125,0.00022173887937357276,0.10053825078196928,0.11189615885416666,0.00013469196783314833,0.12037228910483982
33,blank,0.0,,0.0,15.0,1.40 am,1.42 am,1.45 am,2026-09-23 01:42:00,2026-09-23 01:44:00,24,VALID,0.015226236979166667,0.005242657240972791,34.4317328578694,0.11437093098958333,0.04369556902318413,38.2051353828394,0.11081461588541668,0.038088246114868336,34.37113941201757,0.13236165364583333,0.04690865770967604,35.43976402349269,0.16277994791666667,0.05879506986977365,36.11935660519631,0.18235839843749999,0.06706876328864057,36.778543715729754,0.19056966145833334,0.07021057671286594,36.84247333787544,0.09756754557291668,0.03382538562056622,34.66868559821152
34,sample,0.0,1.0,0.0,15.0,1.49 am,1.51 am,1.54 am,2026-09-23 01:51:00,2026-09-23 01:53:00,24,VALID,0.0165283203125,2.8940885169756246e-05,0.17509876758540854,0.12596598307291665,7.420068400212409e-05,0.058905334751503745,0.12380859375000001,6.490572110740787e-05,0.05242424547561575,0.15048828125,7.077332383157268e-05,0.0470291262839263,0.17205566406250003,0.00010916401671341437,0.06344691836111832,0.19820231119791668,0.00027726116145998666,0.13988795578832836,0.2209318033854167,0.0007920340784609845,0.35849708657801377,0.11259684244791668,0.00046303550716987694,0.4112331190673138
35,sample,0.05,1.0,0.75,14.25,2.05 am,2.07 am,2.10 am,2026-09-23 02:07:00,2026-09-23 02:09:00,24,VALID,0.020311686197916668,2.4079168209079946e-05,0.11854834687013677,0.16453369140625,0.00014978034480845465,0.091033236736075,0.1679069010416667,0.0002455490398757882,0.14624118386584617,0.20073079427083332,0.00019615280061364203,0.09771933664995391,0.22774576822916667,0.0002914599205174854,0.1279759983176535,0.22685302734375,0.00022136925583294222,0.09758267651306313,0.23186360677083337,0.0003099910249342682,0.13369542087760825,0.11837402343749999,0.00017865907401839353,0.15092760120021037
36,sample,0.7,3.0,10.5,4.5,2.13 am,2.14 am,2.17 am,2026-09-23 02:14:00,2026-09-23 02:16:00,24,VALID,0.01791015625,3.820387866576729e-05,0.21330846103460033,0.13825439453125,5.6080763538890586e-05,0.040563458202563324,0.13311848958333336,0.00013078732232496193,0.09824880280292538,0.15894042968750002,0.00012221034766719347,0.07689066143049743,0.19674560546875,0.00015865302498854856,0.08063866260725612,0.21464192708333338,0.0007296946886380547,0.3399590651060244,0.22209716796875,0.00099013684794099,0.4458124599230848,0.11313151041666665,0.000574551587888856,0.5078616786541308
37,blank,0.0,,0.0,15.0,2.21 am,2.22 am,2.25 am,2026-09-23 02:22:00,2026-09-23 02:24:00,24,VALID,0.018009440104166666,2.437865412386124e-05,0.13536597463805103,0.14595052083333335,6.247522720097268e-05,0.04280575831059596,0.14116617838541667,9.313215771622403e-05,0.06597342138281272,0.166298828125,5.7594514123008534e-05,0.03463314490690043,0.20525797526041667,0.00015709469015921787,0.07653524300817414,0.22314697265624997,0.0001531746107833472,0.06864292576324002,0.22998697916666666,0.00018355098465074873,0.07980929412431355,0.11745930989583332,0.00011107183305816853,0.09456196631554416
