fraction,n_replicates,orders,I_415_mean,I_415_std,I_415_sem,A_415_mean,A_415_std,A_415_sem,I_445_mean,I_445_std,I_445_sem,A_445_mean,A_445_std,A_445_sem,I_480_mean,I_480_std,I_480_sem,A_480_mean,A_480_std,A_480_sem,I_515_mean,I_515_std,I_515_sem,A_515_mean,A_515_std,A_515_sem,I_555_mean,I_555_std,I_555_sem,A_555_mean,A_555_std,A_555_sem,I_590_mean,I_590_std,I_590_sem,A_590_mean,A_590_std,A_590_sem,I_630_mean,I_630_std,I_630_sem,A_630_mean,A_630_std,A_630_sem,I_680_mean,I_680_std,I_680_sem,A_680_mean,A_680_std,A_680_sem
0.0,3,"[18, 23, 34]",0.01759223090277778,0.0014457306433618507,0.0008346929761206554,-0.030820440146204383,0.0350271103144702,0.020222911568994088,0.1376727973090278,0.015807521978296418,0.009126477069390362,-0.036282698324099555,0.048641701315054076,0.028083299348087846,0.13717068142361113,0.018337586377981593,0.010587210431615687,-0.03950908864969762,0.05639864525681967,0.032561773020955045,0.16450086805555555,0.020791279728877097,0.012003850948264002,-0.04204926549409219,0.053249772425098,0.030743770443916643,0.19027560763888887,0.02158958406977721,0.01246475217437793,-0.02432619419978395,0.048477242400363885,0.02798834894942083,0.20861707899305557,0.009055112053796303,0.005227971381801521,-0.019425196387014964,0.019090922593251236,0.01102214929829191,0.2220282660590278,0.004964701264115871,0.0028663716112833737,-0.02657034858429028,0.009678650269348476,0.005587971338400587,0.11293348524305556,0.0016803510145587937,0.0009701511105885803,-0.024762414617505026,0.0064485725508810834,0.0037230850981400253
0.05,3,"[10, 27, 35]",0.01956759982638889,0.0017040919113655076,0.0009838579237507398,-0.07685462260007693,0.038798131926884805,0.022400111912041557,0.15702311197916666,0.020136629966312346,0.011625888731622317,-0.09274488097891219,0.0577580242463212,0.03334661084647448,0.15809190538194448,0.024701108780823804,0.014261191803890853,-0.09988023293813132,0.07115092298353144,0.04107900453763221,0.1880501302083333,0.02903590504300193,0.016763887592741576,-0.09869049537553591,0.07040997082421639,0.04065121560899503,0.21885335286458332,0.02343640214679981,0.013531013088291195,-0.08519196832113472,0.04791783518698131,0.027665375044187784,0.22601562500000003,0.009240335133561185,0.005334909976763907,-0.054248139992675005,0.017815599056978732,0.010285840911321115,0.23242702907986112,0.007643763436673329,0.004413128877785165,-0.04636449728464274,0.014262448041314246,0.008234428215955832,0.11820041232638889,0.00412790181731038,0.0023832452254124933,-0.04441371261545565,0.015190451859086563,0.008770211469955679
0.1,3,"[8, 30, 31]",0.016781141493055554,0.003304832158063502,0.001908045736084495,-0.0057510345219788,0.08447510855179334,0.04877172666220075,0.13149522569444444,0.03371247207975087,0.01946390483029191,-0.009052841154226868,0.10794378230165041,0.062321371769204235,0.13287217881944446,0.03682694375179654,0.02126204588853094,-0.01770139413704282,0.11489499616214116,0.06633465696275322,0.15882161458333333,0.041708121666321964,0.02408019527144465,-0.019514373441692823,0.10975791826492369,0.06336876365594664,0.18096842447916664,0.04655971550776309,0.026881264281799416,0.0047577412404658835,0.10763152068245412,0.06214108743930366,0.19684814453125,0.03329740279565186,0.019224264467385,0.009639325649192265,0.07321062926468325,0.04226817651350677,0.21181586371527775,0.027411512055222492,0.015826043863977377,-0.0037220788236816127,0.05700082663665156,0.03290944260270197,0.10856336805555555,0.013553697116454448,0.00782523067869963,-0.005367887030393,0.05477140443624663,0.03162228509516086
0.2,3,"[4, 11, 15]",0.019061414930555555,0.002332564944571972,0.0013467069986509126,-0.06432495467516468,0.055234936725767354,0.03188990558729373,0.15217854817708334,0.026105914005922815,0.01507225647876076,-0.07703199417292704,0.07889083437588501,0.045547644463511394,0.15422227647569445,0.030217453383772463,0.017446054845346,-0.08680345702266686,0.09095028040783036,0.05251016887633281,0.18375135633680553,0.03312969826555515,0.019127440211789346,-0.08722805747242678,0.0831666595148056,0.04801629325847497,0.21024522569444445,0.035996365700144424,0.020782511426826595,-0.06491984559805102,0.07858945554256004,0.04537364331296317,0.2197781032986111,0.017935112955949066,0.010354842293063538,-0.0413496729174564,0.03608177994969453,0.02083182536679698,0.22959011501736112,0.012252240780846819,0.007073834512998022,-0.040774531213262265,0.023198368759556144,0.013393584448089945,0.11700222439236109,0.006401175907701115,0.003695720633441386,-0.03973101745609487,0.023819362129080552,0.013752115137149835
0.35,3,"[3, 19, 22]",0.01934651692708333,0.002477673468249724,0.0014304854438579719,-0.07055864075676128,0.057745941261245916,0.03333963473178865,0.15631157769097223,0.025248560168995408,0.014577263010219962,-0.08923633216491549,0.07368864249061642,0.042544157578175486,0.15848497178819446,0.03040033723344245,0.0175516428851834,-0.09893577798191956,0.08861158455373198,0.05115992219541645,0.18873453776041668,0.033873674132537744,0.01955697487886233,-0.09891429427987358,0.08256104834211145,0.04766664348489575,0.21410536024305551,0.038474704070014985,0.022213380751814345,-0.07233690758505276,0.08272148230541071,0.04775927007679374,0.22234293619791667,0.023808543235023544,0.013745868845753687,-0.04565085683553774,0.04785973013805784,0.02763182807855054,0.23441379123263886,0.014226030466132834,0.00821340251912161,-0.04967763834361366,0.02659614315222593,0.015355290408343462,0.1200442165798611,0.006435483397163951,0.0037155280717179745,-0.05089332296669514,0.0234293745739422,0.013526955717210102
0.5,2,"[12, 24]",0.017388916015625,0.0007992930656478813,0.0005651855468750012,-0.02649621958387022,0.019969668209633938,0.014120687809077579,0.1345491536458333,0.006001891054504973,0.0042439778645833445,-0.027946345720459592,0.01937918636326007,0.013703154091339063,0.13231648763020834,0.003400304337590592,0.002404378255208339,-0.026280300661802213,0.011161843913876692,0.007892615522048002,0.15800008138020832,0.003614369867051365,0.00255574544270834,-0.026703552809009157,0.009935677251724069,0.007025584760375008,0.18874104817708331,0.01355287997274216,0.009583333333333333,-0.022072708219483494,0.031212113482515444,0.022070297098650736,0.21076009114583333,0.0028403963801568875,0.002008463541666658,-0.024121395998517328,0.005853128129089168,0.00413878659123268,0.22368082682291668,0.0063172348989794305,0.004466959635416669,-0.02977628311400419,0.012267055255912653,0.008674117956645916,0.11379679361979167,0.0035982574078446254,0.0025443522135416632,-0.027993088080178814,0.013734691201209745,0.009711893285878619
0.7,3,"[7, 16, 36]",0.018846842447916668,0.0016252079936536021,0.0009383142726250389,-0.060647325197625924,0.036605514262838854,0.021134203513474698,0.1497821723090278,0.01946425966263204,0.011237695555797384,-0.07240031105290333,0.05461327992033934,0.031530991863336306,0.1485831705729167,0.02391711098449859,0.013808550465138417,-0.07314030789120535,0.06728065602986986,0.03884450487009999,0.1763983832465278,0.02741154656837044,0.015826063790152636,-0.07126958600699775,0.06500408404188361,0.03753012542000656,0.2099590386284722,0.022192965691457976,0.012813114716079392,-0.06734137618934424,0.04466616216482618,0.025788020749529874,0.22553629557291668,0.01007864251726065,0.005818906970406444,-0.05327744553133581,0.01954031212233012,0.011281604463876603,0.23387152777777778,0.01019712112427098,0.0058873106260570705,-0.04893139623159105,0.01918652419503476,0.011077344908816587,0.1186813693576389,0.0048278379285236015,0.002787353527636987,-0.04611083357483824,0.017875972401133387,0.010320697477820683
0.85,3,"[14, 28, 32]",0.016555447048611113,0.0009583411331596487,0.0005532985112052143,-0.004912936648136954,0.024988413009531994,0.014427066977674844,0.12861599392361112,0.0056777493108598415,0.003278050093016142,-0.00829374252191001,0.01920484138109833,0.011087920341121186,0.1275808376736111,0.0015439831653572815,0.000891419096143277,-0.010502259190007815,0.00526304245846498,0.0030386189801511862,0.15226996527777778,0.003303586464624969,0.0019073265346424301,-0.0106488175743105,0.009459196100291525,0.00546126941482077,0.17923936631944445,0.010076556164414673,0.005817702414029195,0.00025327481118488554,0.024256277294386144,0.014004368225452047,0.1990020073784722,0.016213083502212067,0.009360628124396017,0.0017732657470516586,0.03600112207229305,0.02078525751956697,0.21290934244791668,0.020042392701039722,0.011571480821149475,-0.0071005919293367645,0.04195596915700952,0.024223290086911084,0.10897515190972222,0.009550894913029205,0.005514211749039239,-0.008155627243870887,0.03886464856377234,0.022438515310254165
1.0,3,"[6, 20, 26]",0.019009874131944444,0.0025132598938936747,0.0014510312762830034,-0.06275446947264907,0.059884619604061815,0.03457440124872343,0.15294270833333332,0.027919802145641732,0.016119505284507347,-0.07857256948980097,0.08425032164782988,0.04864194588268714,0.15458089192708332,0.032120952153684046,0.018545040372556575,-0.08699985006730708,0.09700800868565612,0.05600759992821312,0.18438802083333336,0.035752111015074244,0.0206414909186505,-0.08787740696887276,0.090031151519724,0.051979509565364644,0.21044108072916667,0.03849053536985432,0.022222520957038205,-0.06462581738658865,0.08457149460647344,0.04882737517681643,0.220185546875,0.020614451591246776,0.011901759175402836,-0.04182349868465612,0.04182606016081143,0.024148287092985964,0.22998046875,0.013615838176646192,0.007861107836529062,-0.041406162659081265,0.026146167562862657,0.015095496880695818,0.11704020182291668,0.006970836118084585,0.004024614109252901,-0.03978119696728138,0.0263153579320029,0.015193178985863228
