fold,test_run,lag,test_NMSE,test_r,test_MC_k
Train[R2+R3]->Test[R1],1,1,0.8552290678246073,0.38584853796056895,0.14887909424630863
Train[R2+R3]->Test[R1],1,2,0.9147011930655936,0.30508978196893,0.09307977506184924
Train[R2+R3]->Test[R1],1,3,0.9570229772404649,0.2268100822138575,0.051442813393856805
Train[R2+R3]->Test[R1],1,4,0.9628231007244643,0.21243998508867773,0.04513074726447762
Train[R2+R3]->Test[R1],1,5,0.9986746636850616,0.12286902709979348,0.015096797820449787
Train[R2+R3]->Test[R1],1,6,1.0030927451453666,0.07595547309044234,0.005769233892392911
Train[R2+R3]->Test[R1],1,7,1.0119055779672208,0.03607102859930471,0.0013011191042118582
Train[R2+R3]->Test[R1],1,8,1.0182702749540196,-0.19699633494709193,0.0
Train[R1+R3]->Test[R2],2,1,0.7552430959197358,0.500834183241429,0.2508348791031093
Train[R1+R3]->Test[R2],2,2,0.8768314453446904,0.3576661390341231,0.12792506701157666
Train[R1+R3]->Test[R2],2,3,0.9228815354101791,0.27941781570544383,0.07807431573360137
Train[R1+R3]->Test[R2],2,4,0.9574816319457926,0.20768788443799155,0.04313425734232853
Train[R1+R3]->Test[R2],2,5,0.9755519287861872,0.15828236315232347,0.025053306485084005
Train[R1+R3]->Test[R2],2,6,0.9983966212301294,0.04604317685611059,0.002119974135003078
Train[R1+R3]->Test[R2],2,7,1.007472642689278,-0.0024648506332171746,0.0
Train[R1+R3]->Test[R2],2,8,1.0384279134633536,-0.0846629943092832,0.0
Train[R1+R2]->Test[R3],3,1,0.7682160852750567,0.48156115038134084,0.23190114155660038
Train[R1+R2]->Test[R3],3,2,0.903805436126383,0.31224702114018643,0.09749820221092004
Train[R1+R2]->Test[R3],3,3,0.9223437750951304,0.27937310205704574,0.07804933015297649
Train[R1+R2]->Test[R3],3,4,0.9458981723044985,0.23579555543858904,0.05559954396459272
Train[R1+R2]->Test[R3],3,5,0.9770436357425718,0.15725964384184057,0.024730595581262546
Train[R1+R2]->Test[R3],3,6,1.0041333509420602,0.06620070098529897,0.004382532810944964
Train[R1+R2]->Test[R3],3,7,0.9982230486805571,0.07614607502197857,0.005798224741252788
Train[R1+R2]->Test[R3],3,8,1.0036754971207946,-0.012793121160798643,0.0
